Date,Open,High,Low,Close,Adj Close,Volume,Short_MA,Long_MA,PnL
2022-03-11,1.1012123823165894,1.104191541671753,1.0934697389602661,1.1013944149017334,1.1013944149017334,0,1.118285459280014,1.1277866053581238,
2022-03-14,1.0932546854019165,1.0986958742141724,1.0902509689331055,1.093206763267517,1.093206763267517,0,1.1161205112934112,1.1269038224220276,
2022-03-15,1.094534993171692,1.1018311977386475,1.093948245048523,1.0943193435668945,1.0943193435668945,0,1.1143048048019408,1.1261857199668883,
2022-03-16,1.0967316627502441,1.1038745641708374,1.0955781936645508,1.0969363451004028,1.0969363451004028,0,1.1123676419258117,1.1255571961402893,
2022-03-17,1.102244257926941,1.1110494136810303,1.1021226644515991,1.1021955013275146,1.1021955013275146,0,1.1106010675430298,1.1249741125106811,
2022-03-18,1.1098902225494385,1.1117905378341675,1.1005337238311768,1.1099518537521362,1.1099518537521362,0,1.1092662692070008,1.1245793867111207,
2022-03-21,1.1042159795761108,1.1066721677780151,1.1026087999343872,1.1043134927749634,1.1043134927749634,0,1.1078958928585052,1.123957736492157,
2022-03-22,1.1016370058059692,1.1045695543289185,1.0961546897888184,1.101722002029419,1.101722002029419,0,1.1064337015151977,1.1233313417434692,
2022-03-23,1.1030100584030151,1.1042001247406006,1.096575379371643,1.1029735803604126,1.1029735803604126,0,1.1049367129802703,1.122657856941223,
2022-03-24,1.1006306409835815,1.101333737373352,1.0969964265823364,1.1006306409835815,1.1006306409835815,0,1.1034397721290587,1.1217871737480163,
2022-03-25,1.100897192955017,1.1038745641708374,1.0982975959777832,1.1009578704833984,1.1009578704833984,0,1.1025342166423797,1.1208921003341674,
2022-03-28,1.098189115524292,1.0996744632720947,1.094534993171692,1.098189115524292,1.098189115524292,0,1.1015384018421173,1.1200344729423524,
2022-03-29,1.0993843078613281,1.1136353015899658,1.097044587135315,1.0993843078613281,1.0993843078613281,0,1.1004280269145965,1.119201009273529,
2022-03-30,1.1091516017913818,1.1170001029968262,1.108905553817749,1.1091516017913818,1.1091516017913818,0,1.1002218127250671,1.1187247467041015,
2022-03-31,1.1161835193634033,1.1183055639266968,1.1074001789093018,1.1161835193634033,1.1161835193634033,0,1.1004692614078522,1.1183616185188294,
2022-04-01,1.1072357892990112,1.1075423955917358,1.1029735803604126,1.1072357892990112,1.1072357892990112,0,1.1004968285560608,1.117878828048706,
2022-04-04,1.1047282218933105,1.1057054996490479,1.0980926752090454,1.1047282218933105,1.1047282218933105,0,1.1013605892658234,1.1172904539108277,
2022-04-05,1.0975863933563232,1.0991426706314087,1.092132329940796,1.0975863933563232,1.0975863933563232,0,1.1019133448600769,1.1165939211845397,
2022-04-06,1.090643286705017,1.0937448740005493,1.0875712633132935,1.090643286705017,1.090643286705017,0,1.101954346895218,1.1157976984977722,
2022-04-07,1.0898232460021973,1.0935057401657104,1.08672034740448,1.0898232460021973,1.0898232460021973,0,1.101076364517212,1.1151070928573608,
2022-04-08,1.0864840745925903,1.0891940593719482,1.0836936235427856,1.0864840745925903,1.0864840745925903,0,1.1003308475017548,1.114542715549469,
2022-04-11,1.0884946584701538,1.0932785272598267,1.0874648094177246,1.0884946584701538,1.0884946584701538,0,1.1000952422618866,1.1140078592300415,
2022-04-12,1.0877959728240967,1.0903936624526978,1.0851871967315674,1.0877959728240967,1.0877959728240967,0,1.0997690737247467,1.1133044862747192,
2022-04-13,1.0826143026351929,1.0873819589614868,1.0810343027114868,1.0826143026351929,1.0826143026351929,0,1.0990529716014863,1.1124088597297668,
2022-04-14,1.089656949043274,1.0922634601593018,1.0758588314056396,1.089656949043274,1.089656949043274,0,1.0984260439872742,1.1116021060943604,
2022-04-15,1.0820988416671753,1.0823447704315186,1.0798786878585815,1.0820988416671753,1.0820988416671753,0,1.097033393383026,1.110372564792633,
2022-04-18,1.081525444984436,1.081583857536316,1.0783647298812866,1.081525444984436,1.081525444984436,0,1.0958939909934997,1.109092779159546,
2022-04-19,1.0781787633895874,1.081209659576416,1.0761945247650146,1.0781787633895874,1.0781787633895874,0,1.0947168290615081,1.1077704405784607,
2022-04-20,1.0794472694396973,1.08672034740448,1.0784810781478882,1.0794472694396973,1.0794472694396973,0,1.0935405135154723,1.1065168619155883,
2022-04-21,1.0849870443344116,1.0934697389602661,1.082438588142395,1.0849870443344116,1.0849870443344116,0,1.092758333683014,1.105373558998108,
2022-04-22,1.0835175514221191,1.0854227542877197,1.077284336090088,1.0835175514221191,1.0835175514221191,0,1.09188631772995,1.1042128586769104,
2022-04-25,1.0811045169830322,1.081221342086792,1.0700336694717407,1.0811045169830322,1.0811045169830322,0,1.091032087802887,1.1031048345565795,
2022-04-26,1.0714209079742432,1.0738831758499146,1.0644639730453491,1.0714209079742432,1.0714209079742432,0,1.0896339178085328,1.1019205832481385,
2022-04-27,1.0643619298934937,1.0656436681747437,1.0516685247421265,1.0643619298934937,1.0643619298934937,0,1.0873944342136384,1.1004942297935485,
2022-04-28,1.0555092096328735,1.056222677230835,1.0472848415374756,1.0555092096328735,1.0555092096328735,0,1.0843607187271118,1.098853874206543,
2022-04-29,1.0504201650619507,1.0590416193008423,1.0505415201187134,1.0504201650619507,1.0504201650619507,0,1.0815199375152589,1.0971293210983277,
2022-05-02,1.0535964965820312,1.056769609451294,1.0503981113433838,1.0535964965820312,1.0535964965820312,0,1.0789633512496948,1.0955668306350708,
2022-05-03,1.0509058237075806,1.0577645301818848,1.0494390726089478,1.0509058237075806,1.0509058237075806,0,1.0766293227672576,1.093965630531311,
2022-05-04,1.0528532266616821,1.0566357374191284,1.0506519079208374,1.0528532266616821,1.0528532266616821,0,1.074739819765091,1.0923644280433655,
2022-05-05,1.0622477531433105,1.0639996528625488,1.0504642724990845,1.0622477531433105,1.0622477531433105,0,1.0733610451221467,1.0909979939460754,
2022-05-06,1.0539740324020386,1.0598385334014893,1.048536777496338,1.0539740324020386,1.0539740324020386,0,1.071735543012619,1.0896960949897767,
2022-05-09,1.053219199180603,1.0572165250778198,1.0496593713760376,1.053219199180603,1.053219199180603,0,1.0699717700481415,1.0883983707427978,
2022-05-10,1.056579828262329,1.0585819482803345,1.0527312755584717,1.056579828262329,1.056579828262329,0,1.068410962820053,1.0870981311798096,
2022-05-11,1.0532968044281006,1.0575631856918335,1.0507071018218994,1.0532968044281006,1.0532968044281006,0,1.0669450879096984,1.0858985495567322,
2022-05-12,1.05124831199646,1.0529751777648926,1.0373551845550537,1.05124831199646,1.05124831199646,0,1.0650246560573577,1.0846988248825074,
2022-05-13,1.0379581451416016,1.041938066482544,1.0351966619491577,1.0379581451416016,1.0379581451416016,0,1.0628176212310791,1.0833242988586427,
2022-05-16,1.0400632619857788,1.0437977313995361,1.0391337871551514,1.0400632619857788,1.0400632619857788,0,1.0607445120811463,1.0823765039443969,
2022-05-17,1.0438958406448364,1.055375576019287,1.0432424545288086,1.0438958406448364,1.0438958406448364,0,1.0590303659439086,1.0815237951278687,
2022-05-18,1.0547856092453003,1.0564124584197998,1.0492409467697144,1.0547856092453003,1.0547856092453003,0,1.0577972829341888,1.0808230423927307,
2022-05-19,1.0472739934921265,1.0598047971725464,1.0466053485870361,1.0472739934921265,1.0472739934921265,0,1.0559116303920746,1.079620864391327,
2022-05-20,1.057898759841919,1.05988347530365,1.0541073083877563,1.057898759841919,1.057898759841919,0,1.0546306908130645,1.0787509512901305,
2022-05-23,1.0569819211959839,1.069027066230774,1.0568702220916748,1.0569819211959839,1.0569819211959839,0,1.053424561023712,1.0780264544487,
2022-05-24,1.0682048797607422,1.0746333599090576,1.0662003755569458,1.0682048797607422,1.0682048797607422,0,1.0532637596130372,1.077504165172577,
2022-05-25,1.0736525058746338,1.0736525058746338,1.064407229423523,1.0736525058746338,1.0736525058746338,0,1.0537282884120942,1.0770384883880615,
2022-05-26,1.0686614513397217,1.0728693008422852,1.0664504766464233,1.0686614513397217,1.0686614513397217,0,1.0543859004974365,1.0763678073883056,
2022-05-27,1.0732953548431396,1.0765074491500854,1.0698047876358032,1.0732953548431396,1.0732953548431396,0,1.055529659986496,1.0756346774101258,
2022-05-30,1.0731456279754639,1.078515887260437,1.0727427005767822,1.0731456279754639,1.0731456279754639,0,1.0565071165561677,1.0750113201141358,
2022-05-31,1.0773539543151855,1.0774933099746704,1.068216323852539,1.0773539543151855,1.0773539543151855,0,1.0578295230865478,1.074523959159851,
2022-06-01,1.0734105110168457,1.0736640691757202,1.063173770904541,1.0734105110168457,1.0734105110168457,0,1.0588573873043061,1.0739326977729797,
2022-06-02,1.0654165744781494,1.0738486051559448,1.064565896987915,1.0654165744781494,1.0654165744781494,0,1.059015828371048,1.0732284164428711,
2022-06-03,1.0751069784164429,1.0765421390533447,1.0706638097763062,1.0751069784164429,1.0751069784164429,0,1.060072475671768,1.072711398601532,
2022-06-06,1.0726046562194824,1.0752688646316528,1.0686043500900269,1.0726046562194824,1.0726046562194824,0,1.0610417485237122,1.0721997094154359,
2022-06-07,1.0691413879394531,1.0708931684494019,1.0652804374694824,1.0691413879394531,1.0691413879394531,0,1.0616698265075684,1.0715948510169984,
2022-06-08,1.0698620080947876,1.0748296976089478,1.0673270225524902,1.0698620080947876,1.0698620080947876,0,1.0624980866909026,1.0708090591430663,
2022-06-09,1.071765422821045,1.0770059823989868,1.0647132396697998,1.071765422821045,1.071765422821045,0,1.0635239422321319,1.0699206972122193,
2022-06-10,1.0619205236434937,1.0642147064208984,1.0507733821868896,1.0619205236434937,1.0619205236434937,0,1.0647220611572266,1.0690143918991089,
2022-06-13,1.0489987134933472,1.0497585535049438,1.041905403137207,1.0489987134933472,1.0489987134933472,0,1.065168833732605,1.0678998017311097,
2022-06-14,1.0415147542953491,1.0482399463653564,1.0398253202438354,1.0415147542953491,1.0415147542953491,0,1.0650497794151306,1.0667783689498902,
2022-06-15,1.0440592765808105,1.0507181882858276,1.0386265516281128,1.0440592765808105,1.0440592765808105,0,1.0645134627819062,1.065846688747406,
2022-06-16,1.0456204414367676,1.0530306100845337,1.0382598638534546,1.0456204414367676,1.0456204414367676,0,1.0644307851791381,1.0649626326560975,
2022-06-17,1.0546854734420776,1.0551751852035522,1.0445609092712402,1.0546854734420776,1.0546854734420776,0,1.064270120859146,1.0643266606330872,
2022-06-20,1.049141764640808,1.0545185804367065,1.048635721206665,1.049141764640808,1.049141764640808,0,1.0638781130313872,1.0635396027565003,0.044064998626708984
2022-06-21,1.0520778894424438,1.058189868927002,1.0514252185821533,1.0520778894424438,1.0520778894424438,0,1.0630717635154725,1.0628252410888672,
2022-06-22,1.053263545036316,1.0602879524230957,1.0471861362457275,1.053263545036316,1.053263545036316,0,1.0620523154735566,1.0622382259368897,0.0041217803955078125
2022-06-23,1.0564124584197998,1.058066725730896,1.0484488010406494,1.0564124584197998,1.0564124584197998,0,1.0614398658275603,1.0615733361244202,
2022-06-24,1.052011489868164,1.0569148063659668,1.0513699054718018,1.052011489868164,1.052011489868164,0,1.0603756725788116,1.06097158908844,
2022-06-27,1.0566133260726929,1.0614246129989624,1.0550860166549683,1.0566133260726929,1.0566133260726929,0,1.059549057483673,1.060473346710205,
2022-06-28,1.0580891370773315,1.0605015754699707,1.0505746603012085,1.0580891370773315,1.0580891370773315,0,1.0585858166217803,1.06007155418396,
2022-06-29,1.0523545742034912,1.053629755973816,1.0468025207519531,1.0523545742034912,1.0523545742034912,0,1.0575330197811126,1.0595297002792359,
2022-06-30,1.04465913772583,1.047877550125122,1.0383893251419067,1.04465913772583,1.04465913772583,0,1.0564951479434967,1.0587231421470642,
2022-07-01,1.0477677583694458,1.0477896928787231,1.036989450454712,1.0477677583694458,1.0477677583694458,0,1.0551281869411469,1.0580081462860107,
2022-07-04,1.0433948040008545,1.0463534593582153,1.041807770729065,1.0433948040008545,1.0433948040008545,0,1.0536676943302155,1.0572539520263673,
2022-07-05,1.0433186292648315,1.0448557138442993,1.0237300395965576,1.0433186292648315,1.0433186292648315,0,1.0523765563964844,1.056691906452179,
2022-07-06,1.0257673263549805,1.0273902416229248,1.0162187814712524,1.0257673263549805,1.0257673263549805,0,1.050171822309494,1.0559200143814087,
2022-07-07,1.0186411142349243,1.0219202041625977,1.015331506729126,1.0186411142349243,1.0186411142349243,0,1.047515606880188,1.0551826524734498,
2022-07-08,1.0169836282730103,1.0191082954406738,1.007973074913025,1.0169836282730103,1.0169836282730103,0,1.0452687621116639,1.054513921737671,
2022-07-11,1.0166114568710327,1.0167768001556396,1.0054292678833008,1.0166114568710327,1.0166114568710327,0,1.043649399280548,1.0537742209434509,
2022-07-12,1.004752516746521,1.007384181022644,1.0001100301742554,1.004752516746521,1.004752516746521,0,1.0418112874031067,1.0528511548042296,
2022-07-13,1.0033109188079834,1.011623501777649,0.9998899698257446,1.0033109188079834,1.0033109188079834,0,1.0397738695144654,1.0518603086471559,
2022-07-14,1.0032706260681152,1.0049240589141846,0.9953616261482239,1.0032706260681152,1.0032706260681152,0,1.0376563787460327,1.0506807661056519,
2022-07-15,1.0025665760040283,1.009795069694519,1.0010610818862915,1.0025665760040283,1.0025665760040283,0,1.0350504338741302,1.0496526169776916,
2022-07-18,1.009631872177124,1.0198878049850464,1.008237361907959,1.009631872177124,1.009631872177124,0,1.033074939250946,1.048780870437622,
2022-07-19,1.0145177841186523,1.0268205404281616,1.0125659704208374,1.0145177841186523,1.0145177841186523,0,1.0311969339847564,1.0479396295547485,
2022-07-20,1.0231330394744873,1.0271897315979004,1.0175942182540894,1.0231330394744873,1.0231330394744873,0,1.029690408706665,1.0473363542556762,
2022-07-21,1.0182781219482422,1.0275379419326782,1.016311764717102,1.0182781219482422,1.0182781219482422,0,1.0277836918830872,1.046676950454712,
2022-07-22,1.0221081972122192,1.025514841079712,1.0133970975875854,1.0221081972122192,1.0221081972122192,0,1.02628852725029,1.0463599514961244,
2022-07-25,1.0200231075286865,1.0256409645080566,1.0180604457855225,1.0200231075286865,1.0200231075286865,0,1.0244590163230896,1.0459591484069823,
2022-07-26,1.022494912147522,1.0249052047729492,1.011398434638977,1.022494912147522,1.022494912147522,0,1.0226793050765992,1.0455311298370362,
2022-07-27,1.0129557847976685,1.0171905755996704,1.0107442140579224,1.0129557847976685,1.0129557847976685,0,1.020709365606308,1.0446945333480835,
2022-07-28,1.0209290981292725,1.0233110189437866,1.0115723609924316,1.0209290981292725,1.0209290981292725,0,1.0195228636264801,1.0441676354408265,
2022-07-29,1.0192328691482544,1.0253781080245972,1.014857530593872,1.0192328691482544,1.0192328691482544,0,1.0180961191654205,1.0433943176269531,
2022-08-01,1.0208247900009155,1.0277491807937622,1.0209603309631348,1.0208247900009155,1.0208247900009155,0,1.0169676184654235,1.0426711750030517,
2022-08-02,1.0261356830596924,1.0293148756027222,1.0183714628219604,1.0261356830596924,1.0261356830596924,0,1.0161084711551667,1.0418297910690308,
2022-08-03,1.015568733215332,1.020762324333191,1.0123199224472046,1.015568733215332,1.015568733215332,0,1.0155985414981843,1.0406681156158448,
2022-08-04,1.015764594078064,1.0232481956481934,1.0155996084213257,1.015764594078064,1.015764594078064,0,1.0154547154903413,1.0396101784706115,
2022-08-05,1.024779200553894,1.0249052047729492,1.014363408088684,1.024779200553894,1.024779200553894,0,1.0158444941043854,1.0386398553848266,
2022-08-08,1.0170871019363403,1.0221813917160034,1.0160020589828491,1.0170871019363403,1.0170871019363403,0,1.0158682763576508,1.037518684864044,
2022-08-09,1.0197629928588867,1.0246951580047607,1.0189213752746582,1.0197629928588867,1.0197629928588867,0,1.016618800163269,1.0363668656349183,
2022-08-10,1.0208144187927246,1.0369141101837158,1.0203040838241577,1.0208144187927246,1.0208144187927246,0,1.017493975162506,1.0353149437904359,
2022-08-11,1.0300782918930054,1.036591649055481,1.0276330709457397,1.0300782918930054,1.0300782918930054,0,1.0188343584537507,1.0346081781387328,
2022-08-12,1.0316723585128784,1.0327378511428833,1.0239607095718384,1.0316723585128784,1.0316723585128784,0,1.0202896475791932,1.0337394857406617,
2022-08-15,1.0256409645080566,1.0267151594161987,1.0182262659072876,1.0256409645080566,1.0256409645080566,0,1.0210901021957397,1.032800211906433,
2022-08-16,1.0161981582641602,1.019440770149231,1.0123404264450073,1.0161981582641602,1.0161981582641602,0,1.0211741209030152,1.0317413473129273,
2022-08-17,1.0170663595199585,1.019783854484558,1.0148060321807861,1.0170663595199585,1.0170663595199585,0,1.0208707869052887,1.0306854343414307,
2022-08-18,1.0180189609527588,1.0193679332733154,1.0113166570663452,1.0180189609527588,1.0180189609527588,0,1.0208578288555146,1.029610505104065,
2022-08-19,1.0089900493621826,1.011224627494812,1.003623127937317,1.0089900493621826,1.0089900493621826,0,1.0202019214630127,1.0285518956184387,
2022-08-22,1.0035223960876465,1.0048232078552246,0.99277263879776,1.0035223960876465,1.0035223960876465,0,1.0193768858909606,1.0276423692703247,
2022-08-23,0.9939467906951904,1.0019036531448364,0.9903146624565125,0.9939467906951904,0.9939467906951904,0,1.0179494798183442,1.0266910099983215,
2022-08-24,0.9966909885406494,0.9998200535774231,0.9911981225013733,0.9966909885406494,0.9966909885406494,0,1.017136240005493,1.0257436442375183,
2022-08-25,0.9969095587730408,1.0030593872070312,0.995678722858429,0.9969095587730408,0.9969095587730408,0,1.0159352630376817,1.0247694265842437,
2022-08-26,0.9971283078193665,1.0088272094726562,0.9947279095649719,0.9971283078193665,0.9971283078193665,0,1.0148300349712371,1.0236182832717895,
2022-08-29,0.993867814540863,1.0031095743179321,0.9914930462837219,0.993867814540863,0.993867814540863,0,1.0134821861982346,1.0225128042697906,
2022-08-30,1.0014019012451172,1.0052272081375122,0.998342752456665,1.0014019012451172,1.0014019012451172,0,1.0122454971075059,1.0214992845058442,
2022-08-31,1.0025062561035156,1.0077394247055054,0.9971680045127869,1.0025062561035156,1.0025062561035156,0,1.011592373251915,1.0204841387271881,
2022-09-01,1.003905177116394,1.0045808553695679,0.9917388558387756,1.003905177116394,1.003905177116394,0,1.0109994024038316,1.01943399310112,
2022-09-02,0.995232880115509,1.0033310651779175,0.9951239228248596,0.995232880115509,0.995232880115509,0,1.0095220863819123,1.0182984209060668,
2022-09-05,0.9909427762031555,0.9943521022796631,0.9880836606025696,0.9909427762031555,0.9909427762031555,0,1.008214870095253,1.0169850099086761,
2022-09-06,0.9952229857444763,0.9985321760177612,0.9865143895149231,0.9952229857444763,0.9952229857444763,0,1.0069878697395325,1.015727686882019,
2022-09-07,0.9897951483726501,0.9955201148986816,0.9877811670303345,0.9897951483726501,0.9897951483726501,0,1.0054369062185287,1.0144764983654022,
2022-09-08,0.9995701909065247,1.00290846824646,0.9933445453643799,0.9995701909065247,0.9995701909065247,0,1.0039115011692048,1.0135747194290161,
2022-09-09,1.0012015104293823,1.011224627494812,1.000930905342102,1.0012015104293823,1.0012015104293823,0,1.00238795876503,1.012643394470215,
2022-09-12,1.0071406364440918,1.0196797847747803,1.0064716339111328,1.0071406364440918,1.0071406364440918,0,1.0014629423618318,1.0119183111190795,
2022-09-13,1.0129557847976685,1.018744945526123,0.9995802044868469,1.0129557847976685,1.0129557847976685,0,1.001300823688507,1.0113110542297363,
2022-09-14,0.9982032775878906,1.0022751092910767,0.9963633418083191,0.9982032775878906,0.9982032775878906,0,1.0003576695919036,1.0107597732543945,
2022-09-15,0.9984025359153748,1.0017931461334229,0.9957482218742371,0.9984025359153748,0.9984025359153748,0,0.9993768483400345,1.0103550016880036,
2022-09-16,0.9988313317298889,1.0035626888275146,0.994579553604126,0.9988313317298889,0.9988313317298889,0,0.9988689124584198,1.009991955757141,
2022-09-19,1.002234935760498,1.002807855606079,0.9966810345649719,1.002234935760498,1.002234935760498,0,0.9988045394420624,1.0097044253349303,
2022-09-20,1.0029587745666504,1.0050251483917236,0.9957084655761719,1.0029587745666504,1.0029587745666504,0,0.9992551386356354,1.009668550491333,
2022-09-21,0.997078537940979,0.9974067807197571,0.9869135022163391,0.997078537940979,0.997078537940979,0,0.9992745161056519,1.009543902873993,
2022-09-22,0.983071506023407,0.9906188249588013,0.9811038970947266,0.983071506023407,0.983071506023407,0,0.9985826134681701,1.0091399204730989,
2022-09-23,0.9841550588607788,0.9852216839790344,0.9703933596611023,0.9841550588607788,0.9841550588607788,0,0.9979339510202407,1.0087716901302337,
2022-09-26,0.968992292881012,0.9699885249137878,0.9582307934761047,0.968992292881012,0.968992292881012,0,0.9966901749372482,1.0079588985443115,
2022-09-27,0.9623712301254272,0.9670057892799377,0.9594534635543823,0.9623712301254272,0.9623712301254272,0,0.9947386413812638,1.006915967464447,
2022-09-28,0.9596191644668579,0.9686262011528015,0.954016387462616,0.9596191644668579,0.9596191644668579,0,0.9925942867994308,1.0056456899642945,
2022-09-29,0.9708172082901001,0.9787322282791138,0.9638276100158691,0.9708172082901001,0.9708172082901001,0,0.9909398883581162,1.0046964716911315,
2022-09-30,0.9829555749893188,0.9849985241889954,0.9736055731773376,0.9829555749893188,0.9829555749893188,0,0.9903260231018066,1.0039134192466737,
2022-10-03,0.9792688488960266,0.9844263195991516,0.9753623604774475,0.9792688488960266,0.9792688488960266,0,0.9897423267364502,1.0030983340740205,
2022-10-04,0.9832068681716919,0.998013973236084,0.9806710481643677,0.9832068681716919,0.9832068681716919,0,0.9891415208578109,1.0023125731945037,
2022-10-05,0.998432457447052,0.9994204044342041,0.9835453629493713,0.998432457447052,0.998432457447052,0,0.989573386311531,1.0020221066474915,
2022-10-06,0.9910998940467834,0.9926347136497498,0.9789333343505859,0.9910998940467834,0.9910998940467834,0,0.989149871468544,1.0014255225658417,
2022-10-07,0.9789045453071594,0.9816046953201294,0.9731696844100952,0.9789045453071594,0.9789045453071594,0,0.9880350232124329,1.0006189560890197,
2022-10-10,0.9735012650489807,0.9752291440963745,0.96825110912323,0.9735012650489807,0.9735012650489807,0,0.9863530546426773,0.9996724855899811,
2022-10-11,0.9710057377815247,0.975809633731842,0.9673987030982971,0.9710057377815247,0.9710057377815247,0,0.9842555522918701,0.9985698866844177,
2022-10-12,0.9700167775154114,0.9733022451400757,0.9669683575630188,0.9700167775154114,0.9700167775154114,0,0.9828462272882461,0.9976588475704193,
2022-10-13,0.9707984328269958,0.979508638381958,0.9635953307151794,0.9707984328269958,0.9707984328269958,0,0.9814660221338272,0.9967595243453979,
2022-10-14,0.975134015083313,0.9803825616836548,0.9709492325782776,0.975134015083313,0.975134015083313,0,0.9802811563014984,0.9957666206359863,
2022-10-17,0.973937451839447,0.9847074747085571,0.9724504947662354,0.973937451839447,0.973937451839447,0,0.9788662821054459,0.9949036276340485,
2022-10-18,0.9846396446228027,0.9873617887496948,0.9814602136611938,0.9846396446228027,0.9846396446228027,0,0.9779503256082535,0.9942011606693267,
2022-10-19,0.9863878488540649,0.9866993427276611,0.9760192036628723,0.9863878488540649,0.9863878488540649,0,0.9774157911539078,0.9935126292705536,
2022-10-20,0.9766482710838318,0.9845135807991028,0.9755526185035706,0.9766482710838318,0.9766482710838318,0,0.977094629406929,0.9924440288543701,
2022-10-21,0.9778899550437927,0.9856975078582764,0.9707323908805847,0.9778899550437927,0.9778899550437927,0,0.9767813742160797,0.9913683807849885,
2022-10-24,0.9860085844993591,0.9889631271362305,0.9808922410011292,0.9860085844993591,0.9860085844993591,0,0.9776321887969971,0.9905757331848144,
2022-10-25,0.9886503219604492,0.9975360631942749,0.9852216839790344,0.9886503219604492,0.9886503219604492,0,0.9789461433887482,0.9900247764587402,
2022-10-26,0.9963731169700623,1.0080543756484985,0.9944608211517334,0.9963731169700623,0.9963731169700623,0,0.9807838410139084,0.9896109116077423,
2022-10-27,1.009193778038025,1.0094891786575317,0.9976455569267273,1.009193778038025,1.009193778038025,0,0.9827026695013046,0.9894344079494476,
2022-10-28,0.9967803955078125,0.9998999834060669,0.9931473135948181,0.9967803955078125,0.9967803955078125,0,0.9833939105272294,0.9891902148723603,
2022-10-31,0.9955002665519714,0.9968101382255554,0.9873520135879517,0.9955002665519714,0.9955002665519714,0,0.9842054814100265,0.9890297722816467,
2022-11-01,0.9886307716369629,0.9951634407043457,0.9862127304077148,0.9886307716369629,0.9886307716369629,0,0.9844766765832901,0.9889234519004821,
2022-11-02,0.9877909421920776,0.9913553595542908,0.9867576956748962,0.9877909421920776,0.9877909421920776,0,0.9839446008205414,0.9887454509735107,
2022-11-03,0.9814409017562866,0.9839614629745483,0.9731224179267883,0.9814409017562866,0.9814409017562866,0,0.9834616512060166,0.9884360778331757,
2022-11-04,0.9749630093574524,0.993818461894989,0.9748489260673523,0.9749630093574524,0.9749630093574524,0,0.9832645744085312,0.9879927718639374,
2022-11-07,0.9928810596466064,1.0005003213882446,0.9919454455375671,0.9928810596466064,0.9928810596466064,0,0.9842335641384125,0.9879730367660522,
2022-11-08,1.0018634796142578,1.0094178915023804,0.9976056814193726,1.0018634796142578,1.0018634796142578,0,0.9857764512300491,0.987982268333435,
2022-11-09,1.008084774017334,1.0088781118392944,1.0012515783309937,1.008084774017334,1.008084774017334,0,0.9876798510551452,0.9880938386917114,
2022-11-10,1.0019538402557373,1.018298864364624,0.9937788844108582,1.0019538402557373,1.0019538402557373,0,0.9892376214265823,0.9880548119544983,0.05130970478057861
2022-11-11,1.0192224979400635,1.0338374376296997,1.016621708869934,1.0192224979400635,1.0192224979400635,0,0.9914420455694198,0.9885346043109894,
2022-11-14,1.0328551530838013,1.0350252389907837,1.0273585319519043,1.0328551530838013,1.0328551530838013,0,0.9943879306316376,0.9893728518486022,
2022-11-15,1.0319278240203857,1.0475481748580933,1.031385064125061,1.0319278240203857,1.0319278240203857,0,0.9967523396015168,0.9901069486141205,
2022-11-16,1.0357863903045654,1.0437324047088623,1.0336451530456543,1.0357863903045654,1.0357863903045654,0,0.9992222666740418,0.9910267734527588,
2022-11-17,1.0395010709762573,1.040571928024292,1.0309491157531738,1.0395010709762573,1.0395010709762573,0,1.002364906668663,0.9918253910541535,
2022-11-18,1.036172866821289,1.0395874977111816,1.0328017473220825,1.036172866821289,1.036172866821289,0,1.0052790522575379,0.9925248181819916,
2022-11-21,1.0330898761749268,1.0333247184753418,1.022704005241394,1.0330898761749268,1.0330898761749268,0,1.0076331168413162,0.9930438029766083,
2022-11-22,1.0245691537857056,1.0290182828903198,1.0243382453918457,1.0245691537857056,1.0245691537857056,0,1.0094290584325791,0.993276070356369,
2022-11-23,1.0311086177825928,1.0382059812545776,1.0298130512237549,1.0311086177825928,1.0311086177825928,0,1.0111658334732057,0.9939341771602631,
2022-11-24,1.0416233539581299,1.0448229312896729,1.0383676290512085,1.0416233539581299,1.0416233539581299,0,1.0127873122692108,0.9947985935211182,
2022-11-25,1.040810227394104,1.0429050922393799,1.0356147289276123,1.040810227394104,1.040810227394104,0,1.0149888038635253,0.9956381714344025,
2022-11-28,1.0367528200149536,1.0496704578399658,1.0342438220977783,1.0367528200149536,1.0367528200149536,0,1.0170514315366745,0.9963285291194915,
2022-11-29,1.034554123878479,1.039414644241333,1.032545804977417,1.034554123878479,1.034554123878479,0,1.0193475991487504,0.9969604361057282,
2022-11-30,1.0324499607086182,1.0394577980041504,1.0292301177978516,1.0324499607086182,1.0324499607086182,0,1.0215805500745774,0.9976678645610809,
2022-12-01,1.042535424232483,1.053141474723816,1.0397928953170776,1.042535424232483,1.042535424232483,0,1.0246352761983872,0.9988571429252624,
2022-12-02,1.052842140197754,1.0545185804367065,1.0434166193008423,1.052842140197754,1.052842140197754,0,1.0285292327404023,1.000230884552002,
2022-12-05,1.0544185638427734,1.0594117641448975,1.0492409467697144,1.0544185638427734,1.0544185638427734,0,1.0316061079502106,1.001939409971237,
2022-12-06,1.0496923923492432,1.0532081127166748,1.0477018356323242,1.0496923923492432,1.0496923923492432,0,1.0339975535869599,1.0036858332157135,
2022-12-07,1.0469011068344116,1.0546187162399292,1.0443755388259888,1.0469011068344116,1.0469011068344116,0,1.0359383702278138,1.0054314720630646,
2022-12-08,1.051325798034668,1.0563119649887085,1.049163818359375,1.051325798034668,1.051325798034668,0,1.0384069681167603,1.007041643857956,
2022-12-09,1.0559661388397217,1.0588396787643433,1.0520004034042358,1.0559661388397217,1.0559661388397217,0,1.0402441501617432,1.008501855134964,
2022-12-12,1.0522217750549316,1.0579211711883545,1.0507071018218994,1.0522217750549316,1.0522217750549316,0,1.0412124812602996,1.009960913658142,
2022-12-13,1.0541739463806152,1.066894292831421,1.0529308319091797,1.0541739463806152,1.0541739463806152,0,1.0423247873783112,1.0113802552223206,
2022-12-14,1.062665343284607,1.0669853687286377,1.0620108842849731,1.062665343284607,1.062665343284607,0,1.0436687350273133,1.0126649129390717,
2022-12-15,1.0676347017288208,1.0725586414337158,1.0607378482818604,1.0676347017288208,1.0676347017288208,0,1.0450754165649414,1.0141956090927124,
2022-12-16,1.064056158065796,1.0663254261016846,1.0599396228790283,1.064056158065796,1.064056158065796,0,1.0464695811271667,1.0158986413478852,
2022-12-19,1.05850350856781,1.0659003257751465,1.0577198266983032,1.05850350856781,1.05850350856781,0,1.0477402627468109,1.0175986862182618,
2022-12-20,1.0614584684371948,1.065552830696106,1.058066725730896,1.0614584684371948,1.0614584684371948,0,1.0495847284793853,1.019407740831375,
2022-12-21,1.062699317932129,1.0643506050109863,1.0597037076950073,1.062699317932129,1.062699317932129,0,1.051164263486862,1.0212613916397095,
2022-12-22,1.0610079765319824,1.0657458305358887,1.05840265750885,1.0610079765319824,1.0610079765319824,0,1.0521334946155547,1.0230655825138093,
2022-12-23,1.060333013534546,1.063117265701294,1.0587948560714722,1.060333013534546,1.060333013534546,0,1.053109633922577,1.024769562482834,
2022-12-26,1.0667804479599,1.0637166500091553,1.060895323753357,1.0667804479599,1.0667804479599,0,1.0546110153198243,1.0266264224052428,
2022-12-27,1.064022183418274,1.0668998956680298,1.0612443685531616,1.064022183418274,1.064022183418274,0,1.0560844182968139,1.0282140731811524,
2022-12-28,1.0637166500091553,1.067429542541504,1.0613908767700195,1.0637166500091553,1.0637166500091553,0,1.0576477527618409,1.0297606492042541,
2022-12-29,1.062925100326538,1.0670194625854492,1.0612331628799438,1.062925100326538,1.062925100326538,0,1.0586672365665435,1.0314861857891082,
2022-12-30,1.066075325012207,1.0697933435440063,1.0639203786849976,1.066075325012207,1.066075325012207,0,1.0593288958072662,1.0332498931884766,
2023-01-02,1.0709733963012695,1.071237325668335,1.0653257369995117,1.0709733963012695,1.0709733963012695,0,1.060156637430191,1.0349491894245149,
2023-01-03,1.0677714347839355,1.068261981010437,1.0521553754806519,1.0677714347839355,1.0677714347839355,0,1.0610605895519256,1.0365316116809844,
2023-01-04,1.0546854734420776,1.063151240348816,1.0545964241027832,1.0546854734420776,1.0546854734420776,0,1.061449807882309,1.0376978588104249,
2023-01-05,1.0606365203857422,1.06326425075531,1.0515578985214233,1.0606365203857422,1.0606365203857422,0,1.0619153439998628,1.0387267136573792,
2023-01-06,1.0522217750549316,1.062225103378296,1.0485258102416992,1.0522217750549316,1.0522217750549316,0,1.0617281258106233,1.0398355412483216,
2023-01-09,1.0656323432922363,1.0759514570236206,1.0652804374694824,1.0656323432922363,1.0656323432922363,0,1.0623986542224884,1.0412381827831267,
2023-01-10,1.073318362236023,1.0756852626800537,1.0713175535202026,1.073318362236023,1.073318362236023,0,1.0633558750152587,1.042931934595108,
2023-01-11,1.0738946199417114,1.077470064163208,1.0726851224899292,1.0738946199417114,1.0738946199417114,0,1.063917338848114,1.0446540081501008,
2023-01-12,1.0766000747680664,1.0838346481323242,1.0738024711608887,1.0766000747680664,1.0766000747680664,0,1.0643656075000762,1.0465571916103362,
2023-01-13,1.0860239267349243,1.0867793560028076,1.0780625343322754,1.0860239267349243,1.0860239267349243,0,1.0654639959335328,1.0487784099578858,
2023-01-16,1.082461953163147,1.0875475406646729,1.080263614654541,1.082461953163147,1.082461953163147,0,1.0666619181632995,1.0505700278282166,
2023-01-17,1.0830129384994507,1.086909294128418,1.0787020921707153,1.0830129384994507,1.0830129384994507,0,1.0677396416664124,1.0521930170059204,
2023-01-18,1.0793308019638062,1.0884472131729126,1.0767043828964233,1.0793308019638062,1.0793308019638062,0,1.0685712158679963,1.0536179375648498,
2023-01-19,1.0797853469848633,1.0833063125610352,1.0782949924468994,1.0797853469848633,1.0797853469848633,0,1.0695100843906402,1.0551745676994324,
2023-01-20,1.083388328552246,1.0856584310531616,1.0804619789123535,1.083388328552246,1.083388328552246,0,1.0706628501415252,1.056457884311676,
2023-01-23,1.0864723920822144,1.0919533967971802,1.0847516059875488,1.086507797241211,1.086507797241211,0,1.0716492176055907,1.0575309371948243,
2023-01-24,1.0874292850494385,1.089680790901184,1.0839285850524902,1.0874292850494385,1.0874292850494385,0,1.072819572687149,1.0586409664154053,
2023-01-25,1.088814616203308,1.0922634601593018,1.0858116149902344,1.088814616203308,1.088814616203308,0,1.0740744709968566,1.0597015309333802,
2023-01-26,1.0922038555145264,1.0932546854019165,1.0851635932922363,1.0922038555145264,1.0922038555145264,0,1.075538408756256,1.0607555866241456,
2023-01-27,1.0894432067871094,1.0901559591293335,1.0838816165924072,1.0894432067871094,1.0894432067871094,0,1.0767068028450013,1.061820993423462,
2023-01-30,1.0871455669403076,1.0915005207061768,1.0854581594467163,1.0871455669403076,1.0871455669403076,0,1.0775154113769532,1.0629021072387694,
2023-01-31,1.0850694179534912,1.0868383646011353,1.0804152488708496,1.0850694179534912,1.0850694179534912,0,1.0783803105354308,1.0641121125221253,
2023-02-01,1.0860947370529175,1.092442512512207,1.085293173789978,1.0860947370529175,1.0860947370529175,0,1.0799507737159728,1.0652118349075317,
2023-02-02,1.1012852191925049,1.102657437324524,1.088767170906067,1.1012852191925049,1.1012852191925049,0,1.081983208656311,1.0664050722122191,
2023-02-03,1.0905125141143799,1.094067931175232,1.0811045169830322,1.0905125141143799,1.0905125141143799,0,1.0838977456092835,1.0673991179466247,
2023-02-06,1.079086184501648,1.0800302028656006,1.0718343257904053,1.079086184501648,1.079086184501648,0,1.084570437669754,1.0682457852363587,
2023-02-07,1.0730764865875244,1.0745997428894043,1.0669511556625366,1.0730764865875244,1.0730764865875244,0,1.0845583438873292,1.0690162324905395,
2023-02-08,1.0729728937149048,1.0760208368301392,1.0716849565505981,1.0729728937149048,1.0729728937149048,0,1.0845122575759887,1.0698266911506653,
2023-02-09,1.0715816020965576,1.0790396928787231,1.0711569786071777,1.0715816020965576,1.0715816020965576,0,1.0842613339424134,1.0704076147079469,
2023-02-10,1.0742292404174805,1.0751763582229614,1.0669283866882324,1.0742292404174805,1.0742292404174805,0,1.0836715996265411,1.0708353567123412,
2023-02-13,1.0677714347839355,1.0725010633468628,1.065723180770874,1.0677714347839355,1.0677714347839355,0,1.0829370737075805,1.0711024141311645,
2023-02-14,1.0730419158935547,1.0798436403274536,1.0709964036941528,1.0730419158935547,1.0730419158935547,0,1.0824385225772857,1.0715694046020507,
2023-02-15,1.0735719203948975,1.0744600296020508,1.0665984153747559,1.0735719203948975,1.0735719203948975,0,1.0821505784988403,1.0721028208732606,
2023-02-16,1.0691757202148438,1.0722250938415527,1.0655754804611206,1.0691757202148438,1.0691757202148438,0,1.0816200971603394,1.072459819316864,
2023-02-17,1.0665756464004517,1.0681477785110474,1.0613795518875122,1.0665756464004517,1.0665756464004517,0,1.0807794630527496,1.0726720094680786,
2023-02-20,1.0684444904327393,1.0705492496490479,1.0671560764312744,1.0684444904327393,1.0684444904327393,0,1.079876297712326,1.0729964637756348,
2023-02-21,1.068261981010437,1.0695644617080688,1.0644866228103638,1.068261981010437,1.068261981010437,0,1.078917932510376,1.0732782244682313,
2023-02-22,1.065200924873352,1.0665528774261475,1.0619093179702759,1.065200924873352,1.065200924873352,0,1.0777372479438783,1.073328936100006,
2023-02-23,1.0605803728103638,1.0630381107330322,1.0582010746002197,1.0605803728103638,1.0605803728103638,0,1.07615607380867,1.073187849521637,
2023-02-24,1.0598047971725464,1.0614246129989624,1.053774118423462,1.0598047971725464,1.0598047971725464,0,1.0746741533279418,1.073102822303772,
2023-02-27,1.0554758310317993,1.0618642568588257,1.0533522367477417,1.0554758310317993,1.0554758310317993,0,1.0730906665325164,1.0730422687530519,
2023-02-28,1.0611205101013184,1.0645002126693726,1.058234691619873,1.0611205101013184,1.0611205101013184,0,1.071893221139908,1.0730355095863342,0.059166669845581055
2023-03-01,1.0577309131622314,1.0691070556640625,1.0565686225891113,1.0577309131622314,1.0577309131622314,0,1.0704750299453736,1.0729361414909362,
2023-03-02,1.066894292831421,1.067270040512085,1.0583466291427612,1.066894292831421,1.066894292831421,0,1.0687554836273194,1.073053867816925,
2023-03-03,1.0599732398986816,1.062925100326538,1.0591312646865845,1.0599732398986816,1.0599732398986816,0,1.0672285199165343,1.0730466723442078,
2023-03-06,1.0626201629638672,1.0693814754486084,1.062304139137268,1.0626201629638672,1.0626201629638672,0,1.0664052188396453,1.072963466644287,
2023-03-07,1.0688328742980957,1.06963312625885,1.0571606159210205,1.0688328742980957,1.0688328742980957,0,1.0661930382251739,1.0730596804618835,
2023-03-08,1.05507493019104,1.0573283433914185,1.0526647567749023,1.05507493019104,1.05507493019104,0,1.0652981400489807,1.0728868460655212,
2023-03-09,1.0549525022506714,1.0586491823196411,1.053851842880249,1.0549525022506714,1.0549525022506714,0,1.0644666850566864,1.0727273941040039,
2023-03-10,1.0584698915481567,1.0698620080947876,1.0575743913650513,1.0584698915481567,1.0584698915481567,0,1.0636787176132203,1.0725752854347228,
2023-03-13,1.0683646202087402,1.0737217664718628,1.0652350187301636,1.0683646202087402,1.0683646202087402,0,1.0637083768844604,1.0725231099128723,
2023-03-14,1.0725010633468628,1.0747140645980835,1.0679652690887451,1.0725010633468628,1.0725010633468628,0,1.0636813342571259,1.0726177024841308,
2023-03-15,1.0727657079696655,1.0760092735290527,1.052033543586731,1.0727657079696655,1.0727657079696655,0,1.0636410236358642,1.0729793071746827,
2023-03-16,1.0583354234695435,1.063456416130066,1.0555092096328735,1.0583354234695435,1.0583354234695435,0,1.0630990087985992,1.0729332852363587,
2023-03-17,1.0614134073257446,1.0669625997543335,1.0612106323242188,1.0614134073257446,1.0614134073257446,0,1.062840896844864,1.0731171178817749,
2023-03-20,1.0678855180740356,1.0730534791946411,1.0632416009902954,1.0678855180740356,1.0678855180740356,0,1.0628129482269286,1.0731621813774108,
2023-03-21,1.071914792060852,1.0787253379821777,1.070491909980774,1.071914792060852,1.071914792060852,0,1.0629955887794496,1.0731341099739076,
2023-03-22,1.0774236917495728,1.0801469087600708,1.0759514570236206,1.0774236917495728,1.0774236917495728,0,1.0636067271232605,1.0732046914100648,
2023-03-23,1.0870392322540283,1.0928997993469238,1.0868619680404663,1.0870392322540283,1.0870392322540283,0,1.0649296700954438,1.0734134745597839,
2023-03-24,1.0835057497024536,1.0839003324508667,1.0718917846679688,1.0835057497024536,1.0835057497024536,0,1.066114717721939,1.0733631110191346,
2023-03-27,1.077818512916565,1.0795999765396118,1.074806571006775,1.077818512916565,1.077818512916565,0,1.0672318518161774,1.0732702422142029,
2023-03-28,1.0807071924209595,1.08489990234375,1.0804035663604736,1.0807071924209595,1.0807071924209595,0,1.0682111859321595,1.073224127292633,
2023-03-29,1.0839520692825317,1.0871999263763428,1.0821340084075928,1.0839520692825317,1.0839520692825317,0,1.0695222437381744,1.0733165526390076,
2023-03-30,1.0843634605407715,1.0923947095870972,1.0826963186264038,1.0843634605407715,1.0843634605407715,0,1.0703957021236419,1.0734081149101258,
2023-03-31,1.0904649496078491,1.0925856828689575,1.086059331893921,1.0904649496078491,1.0904649496078491,0,1.0719202876091003,1.0735496473312378,
2023-04-03,1.0803335905075073,1.0915720462799072,1.078934907913208,1.0803335905075073,1.0803335905075073,0,1.0728059589862824,1.0734261631965638,
2023-04-04,1.091226577758789,1.0971648693084717,1.0883879661560059,1.091226577758789,1.091226577758789,0,1.073925644159317,1.0735021090507508,-0.030106067657470703
2023-04-05,1.0960105657577515,1.0969241857528687,1.0905362367630005,1.0960105657577515,1.0960105657577515,0,1.0759724259376526,1.0736460280418396,
2023-04-06,1.090334177017212,1.0930156707763672,1.0885539054870605,1.090334177017212,1.090334177017212,0,1.0777415096759797,1.0736086344718934,
2023-04-07,1.0920130014419556,1.0925379991531372,1.0881037712097168,1.0920130014419556,1.0920130014419556,0,1.0794186651706696,1.0736600303649901,
2023-04-10,1.0913575887680054,1.0918222665786743,1.0832475423812866,1.0913575887680054,1.0913575887680054,0,1.0805683135986328,1.073744270801544,
2023-04-11,1.086932897567749,1.0926692485809326,1.0868029594421387,1.086932897567749,1.086932897567749,0,1.0812899053096772,1.0737815403938293,
2023-04-12,1.0917507410049438,1.099855899810791,1.091524362564087,1.0917507410049438,1.0917507410049438,0,1.0822391569614411,1.0738946604728699,
2023-04-13,1.0999890565872192,1.1068999767303467,1.0981649160385132,1.0999890565872192,1.0999890565872192,0,1.0843218386173248,1.0738687372207643,
2023-04-14,1.1054610013961792,1.1075423955917358,1.0978032350540161,1.1054610013961792,1.1054610013961792,0,1.0865242183208466,1.0741677069664002,
2023-04-17,1.098659634590149,1.0999042987823486,1.0910717248916626,1.098659634590149,1.098659634590149,0,1.0880629241466522,1.07455917596817,
2023-04-18,1.0925379991531372,1.0983458757400513,1.0922753810882568,1.0925379991531372,1.0925379991531372,0,1.0890940845012664,1.0749484062194825,
2023-04-19,1.0975382328033447,1.098659634590149,1.0918341875076294,1.0975382328033447,1.0975382328033447,0,1.090099811553955,1.0754397130012512,
2023-04-20,1.095218300819397,1.0989010334014893,1.0934339761734009,1.095218300819397,1.095218300819397,0,1.0905087649822236,1.075912446975708,
2023-04-21,1.0970927476882935,1.099251389503479,1.0939722061157227,1.0970927476882935,1.0970927476882935,0,1.0911881148815155,1.0763697171211242,
2023-04-24,1.0992271900177002,1.103423833847046,1.0968761444091797,1.0992271900177002,1.0992271900177002,0,1.0922585487365724,1.0769988322257995,
2023-04-25,1.1059499979019165,1.1068068742752075,1.0969241857528687,1.1059499979019165,1.1059499979019165,0,1.0935206890106202,1.0776569938659668,
2023-04-26,1.0978394746780396,1.109410047531128,1.0969241857528687,1.0978394746780396,1.0978394746780396,0,1.0942150592803954,1.0781423449516296,
2023-04-27,1.1047282218933105,1.1065618991851807,1.0994206666946411,1.1047282218933105,1.1047282218933105,0,1.0952332973480225,1.078853394985199,
2023-04-28,1.1032048463821411,1.1043744087219238,1.0965633392333984,1.1032048463821411,1.1032048463821411,0,1.0958702921867371,1.0795859789848328,
2023-05-01,1.1010911464691162,1.103557825088501,1.0966956615447998,1.1010911464691162,1.1010911464691162,0,1.0969081699848175,1.0802389121055602,
2023-05-02,1.0969241857528687,1.1005216836929321,1.0943553447723389,1.0969241857528687,1.0969241857528687,0,1.0971930503845215,1.080812156200409,
2023-05-03,1.1010911464691162,1.1058155298233032,1.100594401359558,1.1010911464691162,1.1010911464691162,0,1.0974470794200897,1.0815299606323243,
2023-05-04,1.1068925857543945,1.109139323234558,1.0986838340759277,1.1068925857543945,1.1068925857543945,0,1.0982749998569488,1.0824562048912048,
2023-05-05,1.102292776107788,1.1048002243041992,1.0971648693084717,1.102292776107788,1.102292776107788,0,1.0987889885902404,1.0833059644699097,
2023-05-08,1.10186767578125,1.1053388118743896,1.1012487411499023,1.10186767578125,1.10186767578125,0,1.0993144929409027,1.0842338013648987,
2023-05-09,1.0996140241622925,1.1001100540161133,1.0944032669067383,1.0996140241622925,1.0996140241622925,0,1.0999485492706298,1.0850036716461182,
2023-05-10,1.096467137336731,1.100473165512085,1.0942834615707397,1.096467137336731,1.096467137336731,0,1.1001843690872193,1.0857783961296081,
2023-05-11,1.098406195640564,1.0998680591583252,1.0901321172714233,1.098406195640564,1.098406195640564,0,1.1001052260398865,1.086408634185791,
2023-05-12,1.0912145376205444,1.0935176610946655,1.085564136505127,1.0912145376205444,1.0912145376205444,0,1.0993929028511047,1.0870334601402283,
2023-05-15,1.0852696895599365,1.0892059803009033,1.0848575830459595,1.0852696895599365,1.0852696895599365,0,1.098723405599594,1.0874864506721496,
2023-05-16,1.0873701572418213,1.090358018875122,1.0856702327728271,1.0873701572418213,1.0873701572418213,0,1.0984650135040284,1.0878571963310242,
2023-05-17,1.0865668058395386,1.0875475406646729,1.081162929534912,1.0865668058395386,1.0865668058395386,0,1.097916442155838,1.088487033843994,
2023-05-18,1.0838346481323242,1.0849517583847046,1.0765421390533447,1.0838346481323242,1.0838346481323242,0,1.0973472595214844,1.0890646767616272,
2023-05-19,1.0775396823883057,1.082391619682312,1.0761018991470337,1.0775396823883057,1.0775396823883057,0,1.096369606256485,1.08944607257843,
2023-05-22,1.0822745561599731,1.0830715894699097,1.0796570777893066,1.0822745561599731,1.0822745561599731,0,1.0955219745635987,1.0897242712974549,
2023-05-23,1.0811045169830322,1.0821340084075928,1.0763798952102661,1.0811045169830322,1.0811045169830322,0,1.0942797005176543,1.0898963403701782,
2023-05-24,1.076971173286438,1.0799369812011719,1.0749683380126953,1.076971173286438,1.076971173286438,0,1.0932362854480744,1.0899804496765138,
2023-05-25,1.0757315158843994,1.0754191875457764,1.0709964036941528,1.0757315158843994,1.0757315158843994,0,1.0917864501476289,1.0903283715248109,
2023-05-26,1.0724436044692993,1.0757546424865723,1.0702054500579834,1.0724436044692993,1.0724436044692993,0,1.0902483880519866,1.0905489754676818,-0.018782973289489746
2023-05-29,1.0723055601119995,1.0745755434036255,1.0706294775009155,1.0723055601119995,1.0723055601119995,0,1.088809108734131,1.0906373763084412,
2023-05-30,1.0707669258117676,1.0745755434036255,1.067338466644287,1.0707669258117676,1.0707669258117676,0,1.0875012457370759,1.0906144189834595,
2023-05-31,1.073306918144226,1.0738831758499146,1.06516695022583,1.073306918144226,1.073306918144226,0,1.0861120343208313,1.0905320835113526,
2023-06-01,1.0695186853408813,1.0753995180130005,1.0664163827896118,1.0695186853408813,1.0695186853408813,0,1.0842433393001556,1.0901816725730895,
2023-06-02,1.0760787725448608,1.077934741973877,1.071811318397522,1.0760787725448608,1.0760787725448608,0,1.0829326391220093,1.0900331330299378,
2023-06-05,1.0698620080947876,1.0722709894180298,1.0674750804901123,1.0698620080947876,1.0698620080947876,0,1.0813323557376862,1.0898740029335021,
2023-06-06,1.0711798667907715,1.073306918144226,1.0667349100112915,1.0711798667907715,1.0711798667907715,0,1.07991064786911,1.0896834564208984,
2023-06-07,1.0698047876358032,1.074021577835083,1.0668829679489136,1.0698047876358032,1.0698047876358032,0,1.0785775303840637,1.0894005107879638,
2023-06-08,1.0707440376281738,1.078283429145813,1.0702168941497803,1.0707440376281738,1.0707440376281738,0,1.0771944224834442,1.089128122329712,
2023-06-09,1.078271746635437,1.0787487030029297,1.0747718811035156,1.078271746635437,1.078271746635437,0,1.0765472829341889,1.0888842582702636,
2023-06-12,1.0750954151153564,1.0789697170257568,1.073433518409729,1.0750954151153564,1.0750954151153564,0,1.0760385692119598,1.0887794947624208,
2023-06-13,1.0762988328933716,1.0822510719299316,1.076055645942688,1.0762988328933716,1.0762988328933716,0,1.0754850029945373,1.0884809398651123,
2023-06-14,1.078934907913208,1.085835337638855,1.077574610710144,1.078934907913208,1.078934907913208,0,1.075103408098221,1.0881394267082214,
2023-06-15,1.084304690361023,1.0938525199890137,1.0804269313812256,1.084304690361023,1.084304690361023,0,1.0751269102096557,1.0880188369750976,
2023-06-16,1.0945948362350464,1.0970999002456665,1.0920130014419556,1.0945948362350464,1.0945948362350464,0,1.0759796679019928,1.0880704736709594,
2023-06-19,1.0942115783691406,1.0949305295944214,1.0911003351211548,1.0942115783691406,1.0942115783691406,0,1.0765765190124512,1.0881275534629822,
2023-06-20,1.0924304723739624,1.0945229530334473,1.0894551277160645,1.0924304723739624,1.0924304723739624,0,1.0771428167819976,1.0882375049591064,
2023-06-21,1.0920368432998657,1.0961307287216187,1.0906671285629272,1.0920368432998657,1.0920368432998657,0,1.077896100282669,1.0882432270050049,
2023-06-22,1.0992635488510132,1.1011154651641846,1.095110297203064,1.0992635488510132,1.0992635488510132,0,1.0790727019309998,1.0882287168502807,
2023-06-23,1.0958904027938843,1.0958904027938843,1.0845046043395996,1.0958904027938843,1.0958904027938843,0,1.080245041847229,1.0880373048782348,
2023-06-26,1.0906671285629272,1.0921800136566162,1.088814616203308,1.0906671285629272,1.0906671285629272,0,1.0811631202697753,1.0878774547576904,
2023-06-27,1.091048002243042,1.0976104736328125,1.0903223752975464,1.091048002243042,1.091048002243042,0,1.082177174091339,1.0878476548194884,
2023-06-28,1.0957223176956177,1.0962508916854858,1.0899657011032104,1.0957223176956177,1.0957223176956177,0,1.0832979440689088,1.087811336517334,
2023-06-29,1.0915838479995728,1.094067931175232,1.0862362384796143,1.0915838479995728,1.0915838479995728,0,1.0844012022018432,1.0877386474609374,
2023-06-30,1.0868029594421387,1.0933741331100464,1.0836466550827026,1.0868029594421387,1.0868029594421387,0,1.0849374115467072,1.0875328516960143,
2023-07-03,1.0907504558563232,1.093135118484497,1.0871810913085938,1.0907504558563232,1.0907504558563232,0,1.085981833934784,1.0873633170127868,
2023-07-04,1.091309905052185,1.0918222665786743,1.0890754461288452,1.091309905052185,1.091309905052185,0,1.0869883358478547,1.0870705151557922,
2023-07-05,1.0884946584701538,1.0906195640563965,1.086507797241211,1.0884946584701538,1.0884946584701538,0,1.0879228293895722,1.0868836188316344,-0.016051054000854492
2023-07-06,1.0856584310531616,1.0901559591293335,1.083435297012329,1.0856584310531616,1.0856584310531616,0,1.0886685490608214,1.0865022230148316,
2023-07-07,1.0890636444091797,1.096467137336731,1.0868619680404663,1.0890636444091797,1.0890636444091797,0,1.0892081439495087,1.0862193989753723,
2023-07-10,1.0969723463058472,1.0992755889892578,1.0944511890411377,1.0969723463058472,1.0969723463058472,0,1.0903019905090332,1.086137022972107,
2023-07-11,1.100594401359558,1.1025601625442505,1.0978635549545288,1.100594401359558,1.100594401359558,0,1.0915167689323426,1.0862104272842408,
2023-07-12,1.101406455039978,1.1125946044921875,1.1012852191925049,1.101406455039978,1.101406455039978,0,1.0926403462886811,1.086216733455658,
2023-07-13,1.1144545078277588,1.1196202039718628,1.113065242767334,1.1144545078277588,1.1144545078277588,0,1.094147837162018,1.0863679718971253,
2023-07-14,1.1223469972610474,1.12447988986969,1.1206114292144775,1.1223469972610474,1.1223469972610474,0,1.095535445213318,1.0867690563201904,
2023-07-17,1.1227755546569824,1.125112533569336,1.1205486059188843,1.1227755546569824,1.1227755546569824,0,1.09696364402771,1.087187213897705,
2023-07-18,1.1237596273422241,1.1275737285614014,1.1220070123672485,1.1237596273422241,1.1237596273422241,0,1.098530101776123,1.0876701259613037,
2023-07-19,1.1228890419006348,1.123974323272705,1.1176306009292603,1.1228890419006348,1.1228890419006348,0,1.1000727117061615,1.0881985640525818,
2023-07-20,1.120523452758789,1.12296462059021,1.1133129596710205,1.120523452758789,1.120523452758789,0,1.1011357069015504,1.0886409091949463,
2023-07-21,1.113709807395935,1.1147029399871826,1.110962986946106,1.113709807395935,1.113709807395935,0,1.102026677131653,1.089090814590454,
2023-07-24,1.112532615661621,1.114504098892212,1.1068804264068604,1.112532615661621,1.112532615661621,0,1.1031199514865875,1.089636073112488,
2023-07-25,1.1063170433044434,1.1088933944702148,1.1022076606750488,1.1063170433044434,1.1063170433044434,0,1.1038834035396576,1.0900150108337403,
2023-07-26,1.1050456762313843,1.1086474657058716,1.1038380861282349,1.1050456762313843,1.1050456762313843,0,1.104349571466446,1.0903845882415772,
2023-07-27,1.1078368425369263,1.115200161933899,1.0984907150268555,1.1078368425369263,1.1078368425369263,0,1.1051622211933136,1.090864632129669,
2023-07-28,1.0978755950927734,1.1046794652938843,1.0947027206420898,1.0978755950927734,1.0978755950927734,0,1.1057158529758453,1.0912713503837586,
2023-07-31,1.1024264097213745,1.1045451164245605,1.100618600845337,1.1024264097213745,1.1024264097213745,0,1.1062996506690979,1.0916743874549866,
2023-08-01,1.0997591018676758,1.1002310514450073,1.095446228981018,1.0997591018676758,1.0997591018676758,0,1.1067221105098723,1.0920474791526795,
2023-08-02,1.1007881164550781,1.1007033586502075,1.0919772386550903,1.1007881164550781,1.1007881164550781,0,1.1073367834091186,1.0925238180160521,
2023-08-03,1.0944151878356934,1.0953983068466187,1.0913575887680054,1.0944151878356934,1.0944151878356934,0,1.1077746212482453,1.0928974914550782,
2023-08-04,1.095158338546753,1.1040940284729004,1.0936251878738403,1.095158338546753,1.095158338546753,0,1.1080793559551239,1.093351786136627,
2023-08-07,1.1002674102783203,1.1012003421783447,1.096611499786377,1.1002674102783203,1.1002674102783203,0,1.1082441091537476,1.0939110231399536,
2023-08-08,1.100315809249878,1.1009820699691772,1.0930992364883423,1.100315809249878,1.100315809249878,0,1.1082301795482636,1.0945020008087158,
2023-08-09,1.0958904027938843,1.0994327068328857,1.0955902338027954,1.0958904027938843,1.0958904027938843,0,1.1079543769359588,1.0949536705017089,
2023-08-10,1.0977671146392822,1.1058399677276611,1.096803903579712,1.0977671146392822,1.0977671146392822,0,1.107120007276535,1.095518639087677,
2023-08-11,1.0981649160385132,1.1004369258880615,1.0951822996139526,1.0981649160385132,1.0981649160385132,0,1.1059109032154084,1.09596036195755,
2023-08-14,1.094439148902893,1.0960345268249512,1.087748646736145,1.094439148902893,1.094439148902893,0,1.104494082927704,1.0964519047737122,
2023-08-15,1.0909883975982666,1.0949664115905762,1.0900845527648926,1.0909883975982666,1.0909883975982666,0,1.102855521440506,1.096848075389862,
2023-08-16,1.0904173851013184,1.0934697389602661,1.0897756814956665,1.0904173851013184,1.0904173851013184,0,1.1012319386005402,1.0972603273391723,
2023-08-17,1.0874884128570557,1.0917268991470337,1.0862362384796143,1.0874884128570557,1.0874884128570557,0,1.0995801866054535,1.09759521484375,
2023-08-18,1.0874648094177246,1.089561939239502,1.0846457481384277,1.0874648094177246,1.0874648094177246,0,1.0982679367065429,1.0977790760993957,
2023-08-21,1.087559461593628,1.0913575887680054,1.0870628356933594,1.087559461593628,1.087559461593628,0,1.0970192790031432,1.0980283570289613,-0.0009351968765258789
2023-08-22,1.0898351669311523,1.093199610710144,1.0834001302719116,1.0898351669311523,1.0898351669311523,0,1.0961951851844787,1.0982990837097169,
2023-08-23,1.0846692323684692,1.0870510339736938,1.0802985429763794,1.0846692323684692,1.0846692323684692,0,1.095176362991333,1.098413770198822,
2023-08-24,1.086578607559204,1.0876895189285278,1.081548810005188,1.086578607559204,1.086578607559204,0,1.0941134512424469,1.0984592485427855,
2023-08-25,1.07991361618042,1.0839755535125732,1.076669692993164,1.07991361618042,1.07991361618042,0,1.0932153522968293,1.098165624141693,
2023-08-28,1.0797386169433594,1.0821340084075928,1.0799369812011719,1.0797386169433594,1.0797386169433594,0,1.0920809626579284,1.0978761649131774,
2023-08-29,1.0825556516647339,1.0856702327728271,1.0783531665802002,1.0825556516647339,1.0825556516647339,0,1.0912207901477813,1.097678668498993,
2023-08-30,1.0869210958480835,1.094546914100647,1.085611343383789,1.0869210958480835,1.0869210958480835,0,1.0905274391174316,1.0975763535499572,
2023-08-31,1.0932546854019165,1.0939722061157227,1.0837171077728271,1.0932546854019165,1.0932546854019165,0,1.0904694139957427,1.0974561762809754,
2023-09-01,1.0844104290008545,1.0880801677703857,1.0785857439041138,1.0844104290008545,1.0844104290008545,0,1.0899320185184478,1.0972265768051148,
2023-09-04,1.07758629322052,1.080905795097351,1.0774004459381104,1.07758629322052,1.07758629322052,0,1.088797962665558,1.0969649600982665,
2023-09-05,1.0794472694396973,1.07991361618042,1.0707554817199707,1.0794472694396973,1.0794472694396973,0,1.0877545356750489,1.0967329454421997,
2023-09-06,1.0726161003112793,1.0748181343078613,1.0705147981643677,1.0726161003112793,1.0726161003112793,0,1.0865908205509185,1.096270821094513,
2023-09-07,1.0724204778671265,1.0734220743179321,1.068764328956604,1.0724204778671265,1.0724204778671265,0,1.0853234887123109,1.095887553691864,
2023-09-08,1.0697818994522095,1.0742061138153076,1.0695072412490845,1.0697818994522095,1.0697818994522095,0,1.0839043378829956,1.0955471324920654,
2023-09-11,1.071811318397522,1.0756852626800537,1.0711455345153809,1.071811318397522,1.071811318397522,0,1.0827729463577271,1.0951683497428895,
2023-09-12,1.0750375986099243,1.0762641429901123,1.070617914199829,1.0750375986099243,1.0750375986099243,0,1.08197540640831,1.0948429036140441,
2023-09-13,1.075326681137085,1.0765421390533447,1.0717424154281616,1.075326681137085,1.075326681137085,0,1.0812208712100984,1.094579544067383,
2023-09-14,1.0734220743179321,1.0755001306533813,1.065507411956787,1.0734220743179321,1.0734220743179321,0,1.080517554283142,1.0943348169326783,
2023-09-15,1.0637166500091553,1.068764328956604,1.0634677410125732,1.0637166500091553,1.0637166500091553,0,1.0793301463127136,1.0938278770446777,
2023-09-18,1.0668259859085083,1.0698162317276,1.0656323432922363,1.0668259859085083,1.0668259859085083,0,1.0782934725284576,1.093224949836731,
2023-09-19,1.0692671537399292,1.071926236152649,1.0676347017288208,1.0692671537399292,1.0692671537399292,0,1.0772650718688965,1.0925984048843385,
2023-09-20,1.0682048797607422,1.0726966857910156,1.0675777196884155,1.0682048797607422,1.0682048797607422,0,1.0764418542385101,1.0919343733787537,
2023-09-21,1.065303087234497,1.0673611164093018,1.0619093179702759,1.065303087234497,1.065303087234497,0,1.0753780782222748,1.0909513449668884,
2023-09-22,1.0661548376083374,1.0671560764312744,1.0615260601043701,1.0661548376083374,1.0661548376083374,0,1.0746901392936707,1.0898275017738341,
2023-09-25,1.0648492574691772,1.0655415058135986,1.0577309131622314,1.0648492574691772,1.0648492574691772,0,1.0739456713199615,1.088668975830078,
2023-09-26,1.0591648817062378,1.060895323753357,1.0568143129348755,1.0591648817062378,1.0591648817062378,0,1.0727761328220367,1.0873770809173584,
2023-09-27,1.0569483041763306,1.057373046875,1.0509058237075806,1.0569483041763306,1.0569483041763306,0,1.071277493238449,1.0860582661628724,
2023-09-28,1.0505305528640747,1.0578652620315552,1.049185872077942,1.0505305528640747,1.0505305528640747,0,1.069141286611557,1.084658408164978,
2023-09-29,1.0562450885772705,1.0617965459823608,1.0558546781539917,1.0562450885772705,1.0562450885772705,0,1.0677330195903778,1.0835091137886048,
2023-10-02,1.0565240383148193,1.0590976476669312,1.0492738485336304,1.0565240383148193,1.0565240383148193,0,1.0666799068450927,1.0823889422416686,
2023-10-03,1.0480751991271973,1.049428105354309,1.0449867248535156,1.0480751991271973,1.0480751991271973,0,1.0651113033294677,1.0812241053581237,
2023-10-04,1.0472300052642822,1.0532413721084595,1.045369029045105,1.0472300052642822,1.0472300052642822,0,1.063841998577118,1.0800677919387818,
2023-10-05,1.0507071018218994,1.0536853075027466,1.0500892400741577,1.0507071018218994,1.0507071018218994,0,1.0627563297748566,1.078925197124481,
2023-10-06,1.0546631813049316,1.0598160028457642,1.0483938455581665,1.0546631813049316,1.0546631813049316,0,1.0620003938674927,1.0780609488487243,
2023-10-09,1.056747317314148,1.0576413869857788,1.0521442890167236,1.056747317314148,1.056747317314148,0,1.0612471938133239,1.0771473670005798,
2023-10-10,1.0578875541687012,1.061954379081726,1.0555983781814575,1.0578875541687012,1.0578875541687012,0,1.0603896915912627,1.0763099360466004,
2023-10-11,1.0604791641235352,1.063354730606079,1.0592771768569946,1.0604791641235352,1.0604791641235352,0,1.0596473157405852,1.0755037569999695,
2023-10-12,1.0624282360076904,1.0639089345932007,1.0545964241027832,1.0624282360076904,1.0624282360076904,0,1.0590976238250733,1.0748640179634095,
2023-10-13,1.0536741018295288,1.0558546781539917,1.0496152639389038,1.0536741018295288,1.0536741018295288,0,1.058595496416092,1.074034333229065,
2023-10-16,1.0521553754806519,1.055464744567871,1.0516352653503418,1.0521553754806519,1.0521553754806519,0,1.057861965894699,1.0730720925331116,
2023-10-17,1.0554312467575073,1.0595004558563232,1.0533411502838135,1.0554312467575073,1.0554312467575073,0,1.057170170545578,1.0721744012832641,
2023-10-18,1.057305932044983,1.0595465898513794,1.0527091026306152,1.057305932044983,1.057305932044983,0,1.0566252231597901,1.071402711868286,
2023-10-19,1.053851842880249,1.0585371255874634,1.0528864860534668,1.053851842880249,1.053851842880249,0,1.0560526609420777,1.0705244064331054,
2023-10-20,1.0586491823196411,1.0601080656051636,1.056579828262329,1.0586491823196411,1.0586491823196411,0,1.0556773781776427,1.0697340917587281,
2023-10-23,1.0589966773986816,1.064736008644104,1.057183027267456,1.0589966773986816,1.0589966773986816,0,1.055384749174118,1.0690252423286437,
2023-10-24,1.0669853687286377,1.0690499544143677,1.0584250688552856,1.0669853687286377,1.0669853687286377,0,1.055775773525238,1.0685451817512512,
2023-10-25,1.059535264968872,1.0606703758239746,1.0566803216934204,1.059535264968872,1.059535264968872,0,1.0559051215648652,1.0679275393486023,
2023-10-26,1.056725025177002,1.0569707155227661,1.0526316165924072,1.056725025177002,1.056725025177002,0,1.0562148451805116,1.0673122715950012,
2023-10-27,1.0564459562301636,1.0597710609436035,1.053629755973816,1.0564459562301636,1.0564459562301636,0,1.0562248885631562,1.06669189453125,
2023-10-30,1.0562450885772705,1.0625998973846436,1.054841160774231,1.0562450885772705,1.0562450885772705,0,1.0562109410762788,1.066065607070923,
2023-10-31,1.061503529548645,1.0669056177139282,1.0567585229873657,1.061503529548645,1.061503529548645,0,1.0568823575973512,1.0654989743232728,
2023-11-01,1.0579099655151367,1.0580778121948242,1.0522881746292114,1.0579099655151367,1.0579099655151367,0,1.0574163556098939,1.064963788986206,
2023-11-02,1.05870521068573,1.067008137702942,1.0584250688552856,1.05870521068573,1.05870521068573,0,1.0578162610530852,1.0644063210487367,
2023-11-03,1.0619093179702759,1.0736998319625854,1.0615485906600952,1.0619093179702759,1.0619093179702759,0,1.0581785678863525,1.0640462350845337,
2023-11-06,1.0732147693634033,1.075700283050537,1.0723400115966797,1.0732147693634033,1.0732147693634033,0,1.0590019404888154,1.0639157581329346,
2023-11-07,1.0721560716629028,1.0721560716629028,1.0664732456207275,1.0721560716629028,1.0721560716629028,0,1.0597153663635255,1.063707766532898,
2023-11-08,1.0696102380752563,1.071604609489441,1.0660640001296997,1.0696102380752563,1.0696102380752563,0,1.0601719200611115,1.0633615493774413,
2023-11-09,1.0710422992706299,1.0728002786636353,1.0681477785110474,1.0710422992706299,1.0710422992706299,0,1.0606026232242585,1.0629173016548157,
2023-11-10,1.0667576789855957,1.0692557096481323,1.0657685995101929,1.0667576789855957,1.0667576789855957,0,1.0612568020820619,1.0625642466545104,
2023-11-13,1.069015622138977,1.0705492496490479,1.0665528774261475,1.069015622138977,1.069015622138977,0,1.062099814414978,1.0623928332328796,
2023-11-14,1.0701825618743896,1.08672034740448,1.0693585872650146,1.0701825618743896,1.0701825618743896,0,1.0628373801708222,1.0622075390815735,0.01737689971923828
2023-11-15,1.0878314971923828,1.0887316465377808,1.0832945108413696,1.0878314971923828,1.0878314971923828,0,1.0643636584281921,1.0625118470191957,
2023-11-16,1.0854581594467163,1.0893957614898682,1.0830950736999512,1.0854581594467163,1.0854581594467163,0,1.0659439742565155,1.0627726006507874,
2023-11-17,1.0853756666183472,1.089229702949524,1.0825204849243164,1.0853756666183472,1.0853756666183472,0,1.067280298471451,1.06308447599411,
2023-11-20,1.090702772140503,1.0945110321044922,1.0897995233535767,1.090702772140503,1.090702772140503,0,1.068865603208542,1.0634623050689698,
2023-11-21,1.0945948362350464,1.0967316627502441,1.0922993421554565,1.0945948362350464,1.0945948362350464,0,1.0702460765838624,1.0638534498214722,
2023-11-22,1.0918222665786743,1.0922515392303467,1.0854581594467163,1.0918222665786743,1.0918222665786743,0,1.0718604266643523,1.064183361530304,
2023-11-23,1.0890873670578003,1.0927051305770874,1.0888028144836426,1.0890873670578003,1.0890873670578003,0,1.0734785437583922,1.0644966673851013,
2023-11-24,1.0906314849853516,1.0944151878356934,1.089561939239502,1.0906314849853516,1.0906314849853516,0,1.0751878201961518,1.0650349640846253,
2023-11-27,1.0940439701080322,1.0959264039993286,1.0925856828689575,1.0940439701080322,1.0940439701080322,0,1.0770777642726899,1.0655793237686157,
2023-11-28,1.0958423614501953,1.1007153987884521,1.0935057401657104,1.0958423614501953,1.0958423614501953,0,1.0787947058677674,1.066110827922821,
2023-11-29,1.100594401359558,1.1016855239868164,1.096118688583374,1.100594401359558,1.100594401359558,0,1.0809289276599885,1.0667586183547975,
2023-11-30,1.0973695516586304,1.098538875579834,1.0894907712936401,1.0973695516586304,1.0973695516586304,0,1.0828621447086335,1.06739994764328,
2023-12-01,1.0892059803009033,1.0913456678390503,1.0831537246704102,1.0892059803009033,1.0892059803009033,0,1.0842269778251648,1.0678609704971314,
2023-12-04,1.088814616203308,1.0887316465377808,1.0805671215057373,1.088814616203308,1.088814616203308,0,1.08500697016716,1.068340277671814,
2023-12-05,1.0837758779525757,1.0848339796066284,1.078260064125061,1.0837758779525757,1.0837758779525757,0,1.0855879604816436,1.0688324975967407,
2023-12-06,1.0793657302856445,1.0803686380386353,1.0773192644119263,1.0793657302856445,1.0793657302856445,0,1.086075735092163,1.069280846118927,
2023-12-07,1.076669692993164,1.0796804428100586,1.0757662057876587,1.076669692993164,1.076669692993164,0,1.0863571047782898,1.0698036289215087,
2023-12-08,1.079214334487915,1.0800535678863525,1.0731456279754639,1.079214334487915,1.079214334487915,0,1.0869799375534057,1.0702630138397218,
2023-12-11,1.0765769481658936,1.077934741973877,1.0743216276168823,1.0765769481658936,1.0765769481658936,0,1.0873580038547517,1.070664072036743,
2023-12-12,1.076658010482788,1.0822042226791382,1.0761829614639282,1.076658010482788,1.076658010482788,0,1.0876817762851716,1.071235728263855,
2023-12-13,1.0798670053482056,1.0808240175247192,1.0774004459381104,1.0798670053482056,1.0798670053482056,0,1.0872835516929626,1.0718884682655334,
2023-12-14,1.0886130332946777,1.1004126071929932,1.088020920753479,1.0886130332946777,1.0886130332946777,0,1.0874412953853607,1.072646586894989,
2023-12-15,1.0993602275848389,1.100594401359558,1.0902271270751953,1.0993602275848389,1.0993602275848389,0,1.0881405234336854,1.0735405278205872,
2023-12-18,1.0895264148712158,1.0930036306381226,1.0894551277160645,1.0895264148712158,1.0895264148712158,0,1.088081705570221,1.0741961097717285,
2023-12-19,1.092382788658142,1.098799705505371,1.091607689857483,1.092382788658142,1.092382788658142,0,1.0879711031913757,1.0748860144615173,
2023-12-20,1.0981045961380005,1.09797203540802,1.0935654640197754,1.0981045961380005,1.0981045961380005,0,1.088285219669342,1.0756385231018066,
2023-12-21,1.0945708751678467,1.099976897239685,1.0936251878738403,1.0945708751678467,1.0945708751678467,0,1.0885593950748444,1.0762813758850098,
2023-12-22,1.100618600845337,1.1040574312210083,1.0994206666946411,1.100618600845337,1.100618600845337,0,1.0890587508678435,1.0772202658653258,
2023-12-25,1.102657437324524,1.1042402982711792,1.0999890565872192,1.102657437324524,1.102657437324524,0,1.0894894242286681,1.0782303071022035,
2023-12-26,1.1020255088806152,1.1039965152740479,1.1009578704833984,1.1020255088806152,1.1020255088806152,0,1.0897985816001892,1.0791621923446655,
2023-12-27,1.1043012142181396,1.1122480630874634,1.1029249429702759,1.1043012142181396,1.1043012142181396,0,1.0899839222431182,1.0801020979881286,
2023-12-28,1.110864281654358,1.113945484161377,1.1071009635925293,1.110864281654358,1.110864281654358,0,1.0906586587429046,1.0812423467636108,
2023-12-29,1.1068191528320312,1.1086474657058716,1.1043256521224976,1.1068191528320312,1.1068191528320312,0,1.091539317369461,1.0822057461738586,
2024-01-01,1.1055831909179688,1.1053388118743896,1.1039965152740479,1.1055831909179688,1.1055831909179688,0,1.092377746105194,1.0831374764442443,
2024-01-02,1.1038745641708374,1.1046061515808105,1.0941996574401855,1.1038745641708374,1.1038745641708374,0,1.093382680416107,1.0838752603530883,
2024-01-03,1.0941756963729858,1.0967004299163818,1.0898706912994385,1.0941756963729858,1.0941756963729858,0,1.0941231787204742,1.0845680689811708,
2024-01-04,1.0927767753601074,1.0970205068588257,1.0917030572891235,1.0927767753601074,1.0927767753601074,0,1.0949285328388214,1.0852891039848327,
2024-01-05,1.0947387218475342,1.0996382236480713,1.0879853963851929,1.0947387218475342,1.0947387218475342,0,1.0957047522068024,1.0860549592971802,
2024-01-08,1.0942236185073853,1.0978153944015503,1.092454433441162,1.0942236185073853,1.0942236185073853,0,1.0965870857238769,1.0868145298957825,
2024-01-09,1.095170259475708,1.0967316627502441,1.0912623405456543,1.095170259475708,1.095170259475708,0,1.097512698173523,1.0874878644943238,
2024-01-10,1.0932426452636719,1.0969723463058472,1.0923351049423218,1.0932426452636719,1.0932426452636719,0,1.0981814801692962,1.0881945180892945,
2024-01-11,1.0975141525268555,1.0991426706314087,1.0931470394134521,1.0975141525268555,1.0975141525268555,0,1.098626536130905,1.088970696926117,
2024-01-12,1.0981649160385132,1.098659634590149,1.0937089920043945,1.0981649160385132,1.0981649160385132,0,1.0985667705535889,1.0896958088874817,
2024-01-15,1.0945708751678467,1.0958904027938843,1.0934100151062012,1.0945708751678467,1.0945708751678467,0,1.0988189935684205,1.0901229310035705,
2024-01-16,1.0945708751678467,1.094666838645935,1.086708426475525,1.0945708751678467,1.0945708751678467,0,1.0989283978939057,1.0905712270736694,
2024-01-17,1.087878942489624,1.0884946584701538,1.0845398902893066,1.087878942489624,1.087878942489624,0,1.0984171152114868,1.0909366011619568,
2024-01-18,1.0885775089263916,1.0907504558563232,1.084869384765625,1.0885775089263916,1.0885775089263916,0,1.0981174468994142,1.091287305355072,
2024-01-19,1.0879143476486206,1.0892653465270996,1.0868265628814697,1.0879143476486206,1.0879143476486206,0,1.0974822342395782,1.0917104387283325,
2024-01-22,1.089229702949524,1.0909883975982666,1.0880327224731445,1.089229702949524,1.089229702949524,0,1.0968108475208282,1.0921147203445434,
2024-01-23,1.088020920753479,1.0918222665786743,1.0824267864227295,1.088020920753479,1.088020920753479,0,1.0961106181144715,1.0924714875221253,
2024-01-24,1.0857881307601929,1.0931470394134521,1.0851871967315674,1.0857881307601929,1.0857881307601929,0,1.095184963941574,1.0924306201934815,
2024-01-25,1.088174819946289,1.0900371074676514,1.0826143026351929,1.088174819946289,1.088174819946289,0,1.0940504908561706,1.0924849534034728,
2024-01-26,1.0847046375274658,1.0883287191390991,1.0813382863998413,1.0847046375274658,1.0847046375274658,0,1.0929447650909423,1.0924715328216552,
2024-01-29,1.0843517780303955,1.084975242614746,1.079715371131897,1.0843517780303955,1.0843517780303955,0,1.0918831944465637,1.0923445129394531,0.01416921615600586
2024-01-30,1.0834470987319946,1.085564136505127,1.0812681913375854,1.0834470987319946,1.0834470987319946,0,1.0908618211746215,1.0921215581893922,
2024-01-31,1.08433997631073,1.088565707206726,1.0807656049728394,1.08433997631073,1.08433997631073,0,1.0903700351715089,1.0919719123840332,
2024-02-01,1.0803920030593872,1.086555004119873,1.078027606010437,1.0803920030593872,1.0803920030593872,0,1.0897507965564728,1.091798005104065,
2024-02-02,1.0874648094177246,1.0897995233535767,1.0783065557479858,1.0874648094177246,1.0874648094177246,0,1.0893871009349823,1.0917346715927123,
2024-02-05,1.0780043601989746,1.0787487030029297,1.072466492652893,1.0780043601989746,1.0780043601989746,0,1.0885761380195618,1.0914138793945312,
2024-02-06,1.0741831064224243,1.076310396194458,1.0724550485610962,1.0741831064224243,1.0741831064224243,0,1.0875267803668975,1.090980694293976,
2024-02-07,1.075719952583313,1.0784345865249634,1.0756388902664185,1.075719952583313,1.075719952583313,0,1.0866506457328797,1.090483205318451,
2024-02-08,1.077574610710144,1.0789813995361328,1.074310064315796,1.077574610710144,1.077574610710144,0,1.0856536686420442,1.0900873064994812,
2024-02-09,1.0777255296707153,1.0794472694396973,1.0763914585113525,1.0777255296707153,1.0777255296707153,0,1.0846316993236542,1.0898576974868774,
2024-02-12,1.0798202753067017,1.0805437564849854,1.0757662057876587,1.0798202753067017,1.0798202753067017,0,1.083894169330597,1.0896778106689453,
2024-02-13,1.0772264003753662,1.079563856124878,1.0702054500579834,1.0772264003753662,1.0772264003753662,0,1.083026945590973,1.089546821117401,
2024-02-14,1.0708931684494019,1.0734450817108154,1.069553017616272,1.0708931684494019,1.0708931684494019,0,1.0821776568889618,1.0893773698806763,
2024-02-15,1.0732147693634033,1.0786322355270386,1.072524070739746,1.0732147693634033,1.0732147693634033,0,1.0814095199108125,1.089308271408081,
2024-02-16,1.0773887634277344,1.0780508518218994,1.0734450817108154,1.0773887634277344,1.0773887634277344,0,1.0808832406997682,1.0892717599868775,
2024-02-19,1.0784461498260498,1.0789813995361328,1.0762988328933716,1.0784927606582642,1.0784927606582642,0,1.0803463935852051,1.089310076236725,
2024-02-20,1.0775396823883057,1.0838581323623657,1.0762524604797363,1.0775396823883057,1.0775396823883057,0,1.0798223316669464,1.0893277096748353,
2024-02-21,1.0813149213790894,1.0822510719299316,1.0791910886764526,1.0813149213790894,1.0813149213790894,0,1.0795986711978913,1.089356667995453,
2024-02-22,1.0820403099060059,1.0886249542236328,1.0805087089538574,1.0820403099060059,1.0820403099060059,0,1.0792919456958772,1.0892252135276794,
2024-02-23,1.0825674533843994,1.0839403867721558,1.0813733339309692,1.0825674533843994,1.0825674533843994,0,1.0791850864887238,1.0888893580436707,
2024-02-26,1.081958293914795,1.0859060287475586,1.0813382863998413,1.0820051431655884,1.0820051431655884,0,1.0790677547454834,1.088738932609558,
2024-02-27,1.0850930213928223,1.0866140127182007,1.0833649635314941,1.0850930213928223,1.0850930213928223,0,1.0791500508785248,1.0885931372642517,
2024-02-28,1.084481120109558,1.0847163200378418,1.0798670053482056,1.084481120109558,1.084481120109558,0,1.079157108068466,1.088320667743683,
2024-02-29,1.0838816165924072,1.085587739944458,1.0805671215057373,1.0838816165924072,1.0838816165924072,0,1.0793315887451171,1.088106882572174,
2024-03-01,1.0804970264434814,1.0841518640518188,1.079925298690796,1.0804970264434814,1.0804970264434814,0,1.078983199596405,1.087704451084137,
2024-03-04,1.084269404411316,1.0866494178771973,1.0838581323623657,1.084269404411316,1.084269404411316,0,1.079296451807022,1.0873366904258728,
2024-03-05,1.0855170488357544,1.0875357389450073,1.084269404411316,1.0855170488357544,1.0855170488357544,0,1.0798631489276886,1.0870065212249755,
2024-03-06,1.0855995416641235,1.0914051532745361,1.084293007850647,1.0855995416641235,1.0855995416641235,0,1.080357128381729,1.0866324877738953,
2024-03-07,1.089953899383545,1.0940918922424316,1.086932897567749,1.089953899383545,1.089953899383545,0,1.080976092815399,1.086214280128479,
2024-03-08,1.0950144529342651,1.0978032350540161,1.0927051305770874,1.0950144529342651,1.0950144529342651,0,1.0818405389785766,1.0859781861305238,
2024-03-11,1.0942955017089844,1.09505033493042,1.0914647579193115,1.0942955017089844,1.0942955017089844,0,1.0825643002986909,1.0857524323463439,
2024-03-12,1.093135118484497,1.0942115783691406,1.0903223752975464,1.093135118484497,1.093135118484497,0,1.0833597362041474,1.0855376434326172,
2024-03-13,1.0927767753601074,1.0949305295944214,1.0920488834381104,1.0927767753601074,1.0927767753601074,0,1.0844539165496827,1.0855096650123597,
2024-03-14,1.0955302715301514,1.0954701900482178,1.0884116888046265,1.0955302715301514,1.0955302715301514,0,1.08556969165802,1.0855647349357604,-0.01117849349975586
2024-03-15,1.0883406400680542,1.0901559591293335,1.0873819589614868,1.0883406400680542,1.0883406400680542,0,1.086117285490036,1.0854367733001709,
2024-03-18,1.0882576704025269,1.0907504558563232,1.0880801677703857,1.0882576704025269,1.0882576704025269,0,1.086605530977249,1.0853174543380737,
2024-03-19,1.087393879890442,1.0877841711044312,1.0835057497024536,1.087393879890442,1.087393879890442,0,1.087098240852356,1.0851619267463684,
2024-03-20,1.0863306522369385,1.0874292850494385,1.0836936235427856,1.0863306522369385,1.0863306522369385,0,1.0873490273952484,1.0850236868858338,
2024-03-21,1.0937210321426392,1.0944511890411377,1.0856467485427856,1.0937210321426392,1.0937210321426392,0,1.08793306350708,1.0849478244781494,
2024-03-22,1.0862362384796143,1.08695650100708,1.080905795097351,1.0862362384796143,1.0862362384796143,0,1.088116502761841,1.0847092509269713,
2024-03-25,1.0807539224624634,1.0843634605407715,1.080263614654541,1.0807539224624634,1.0807539224624634,0,1.0880539417266846,1.0844329118728637,
2024-03-26,1.0838228464126587,1.0864133834838867,1.082602620124817,1.0838228464126587,1.0838228464126587,0,1.0879904329776764,1.08421795129776,
2024-03-27,1.0832358598709106,1.0839285850524902,1.081174612045288,1.0832358598709106,1.0832358598709106,0,1.087928169965744,1.0841250896453858,
2024-03-28,1.0813382863998413,1.0828369855880737,1.0775513648986816,1.0813382863998413,1.0813382863998413,0,1.0878010034561156,1.0839803051948547,
2024-03-29,1.0794472694396973,1.0807305574417114,1.0768898725509644,1.0794472694396973,1.0794472694396973,0,1.0877485156059266,1.0838109636306763,
2024-04-01,1.0792726278305054,1.0801469087600708,1.0731571912765503,1.0792726278305054,1.0792726278305054,0,1.087498676776886,1.083611822128296,
2024-04-02,1.0737217664718628,1.0778765678405762,1.072535514831543,1.0737217664718628,1.0737217664718628,0,1.0869089126586915,1.0833258390426637,
2024-04-03,1.076855182647705,1.0831888914108276,1.0764726400375366,1.076855182647705,1.076855182647705,0,1.0864716947078705,1.0831471800804138,
2024-04-04,1.0838346481323242,1.087583065032959,1.0835057497024536,1.0838346481323242,1.0838346481323242,0,1.0861657321453095,1.0830603766441345,
2024-04-05,1.0837054252624512,1.084845781326294,1.0791677236557007,1.0837054252624512,1.0837054252624512,0,1.0856002807617187,1.0830403923988343,
2024-04-08,1.0830481052398682,1.085835337638855,1.0821573734283447,1.0830481052398682,1.0830481052398682,0,1.0850379109382629,1.0830143189430237,
2024-04-09,1.0863661766052246,1.0888501405715942,1.0849870443344116,1.0863661766052246,1.0863661766052246,0,1.0846994638442993,1.0830727005004883,
2024-04-10,1.0859296321868896,1.0868383646011353,1.073375940322876,1.0859296321868896,1.0859296321868896,0,1.0843571066856383,1.0831044936180114,
2024-04-11,1.074171543121338,1.0755810737609863,1.0700452327728271,1.074171543121338,1.074171543121338,0,1.0832891702651977,1.0829800844192505,
2024-04-12,1.0726851224899292,1.072961449623108,1.062371850013733,1.0726851224899292,1.0726851224899292,0,1.0825063943862916,1.0826844906806945,-0.022845149040222168
2024-04-15,1.0649627447128296,1.0665528774261475,1.0623606443405151,1.0649627447128296,1.0649627447128296,0,1.0813416481018066,1.0824236583709717,
2024-04-16,1.0625749826431274,1.065405249595642,1.0604116916656494,1.0625749826431274,1.0625749826431274,0,1.080100703239441,1.0821914958953858,
2024-04-17,1.0621461868286133,1.0652689933776855,1.0608166456222534,1.0621461868286133,1.0621461868286133,0,1.0788914799690246,1.0819200205802917,
2024-04-18,1.0669398307800293,1.0691757202148438,1.0647813081741333,1.0669398307800293,1.0669398307800293,0,1.0775524199008941,1.0817073249816895,
2024-04-19,1.0644185543060303,1.0680338144302368,1.0611768960952759,1.0644185543060303,1.0644185543060303,0,1.076461535692215,1.0814411854743957,
2024-04-22,1.0657799243927002,1.067121982574463,1.0625072717666626,1.065825343132019,1.065825343132019,0,1.0757151067256927,1.0811612868309022,
2024-04-23,1.065405249595642,1.0709964036941528,1.0639317035675049,1.065405249595642,1.065405249595642,0,1.0747942268848418,1.0809248638153077,
2024-04-24,1.0704345703125,1.0715816020965576,1.0679197311401367,1.0704345703125,1.0704345703125,0,1.0741541624069213,1.0809156918525695,
2024-04-25,1.0699878931045532,1.0731916427612305,1.0678740739822388,1.0699878931045532,1.0699878931045532,0,1.073586642742157,1.0808511543273926,
2024-04-26,1.072961449623108,1.0752919912338257,1.0675548315048218,1.072961449623108,1.072961449623108,0,1.0732623517513276,1.0807626080513,
2024-04-29,1.0706866979599,1.0735372304916382,1.0690956115722656,1.0706866979599,1.0706866979599,0,1.0728330552577972,1.0806064867973328,
2024-04-30,1.0715701580047607,1.0736525058746338,1.068433165550232,1.0715701580047607,1.0715701580047607,0,1.0727254748344421,1.0804870963096618,
2024-05-01,1.0666552782058716,1.0688670873641968,1.0650080442428589,1.0666552782058716,1.0666552782058716,0,1.0722154796123504,1.0801939034461976,
2024-05-02,1.0721560716629028,1.0730764865875244,1.0675777196884155,1.0721560716629028,1.0721560716629028,0,1.0716315507888794,1.0799962186813354,
2024-05-03,1.073306918144226,1.080940842628479,1.0725010633468628,1.073306918144226,1.073306918144226,0,1.0711116254329682,1.079811007976532,
2024-05-06,1.0758124589920044,1.079214334487915,1.0756388902664185,1.0758124589920044,1.0758124589920044,0,1.0707498431205749,1.0796871542930604,
2024-05-07,1.0767507553100586,1.0789813995361328,1.0755810737609863,1.0767507553100586,1.0767507553100586,0,1.0702690720558166,1.079520308971405,
2024-05-08,1.0750491619110107,1.0758472681045532,1.0735719203948975,1.0750491619110107,1.0750491619110107,0,1.0697250485420227,1.079331669807434,
2024-05-09,1.0746910572052002,1.078283429145813,1.0725126266479492,1.0746910572052002,1.0746910572052002,0,1.0697510242462158,1.0791478586196899,
2024-05-10,1.078515887260437,1.0793308019638062,1.0762062072753906,1.078515887260437,1.078515887260437,0,1.0700425624847412,1.079108235836029,
2024-05-13,1.077040672302246,1.0807305574417114,1.0766464471817017,1.077040672302246,1.077040672302246,0,1.070646458864212,1.0789636611938476,
2024-05-14,1.079354166984558,1.0828369855880737,1.0776442289352417,1.079354166984558,1.079354166984558,0,1.0714854180812836,1.0788404035568238,
2024-05-15,1.0814552307128906,1.0874292850494385,1.0813616514205933,1.0814552307128906,1.0814552307128906,0,1.0724508702754973,1.078757517337799,
2024-05-16,1.0889805555343628,1.089680790901184,1.0855170488357544,1.0889805555343628,1.0889805555343628,0,1.0735529065132141,1.0787380504608155,
2024-05-17,1.0867793560028076,1.087890625,1.0836349725723267,1.0867793560028076,1.0867793560028076,0,1.074670946598053,1.0785733485221862,
2024-05-20,1.0875475406646729,1.0884946584701538,1.0855052471160889,1.0875475406646729,1.0875475406646729,0,1.0757570564746857,1.0784383893013,
2024-05-21,1.086082935333252,1.0875475406646729,1.0845986604690552,1.086082935333252,1.086082935333252,0,1.0767909407615661,1.0782973456382752,
2024-05-22,1.0855170488357544,1.0864840745925903,1.0822510719299316,1.0855170488357544,1.0855170488357544,0,1.077545064687729,1.078152151107788,
2024-05-23,1.0825204849243164,1.086130142211914,1.0813032388687134,1.0825204849243164,1.0825204849243164,0,1.078171694278717,1.0778919553756714,-0.009835362434387207
2024-05-24,1.0812681913375854,1.0856584310531616,1.0806137323379517,1.0812681913375854,1.0812681913375854,0,1.078587031364441,1.077750506401062,
2024-05-27,1.0847634077072144,1.08672034740448,1.0841753482818604,1.0847634077072144,1.0847634077072144,0,1.0792908668518066,1.0776806211471557,
2024-05-28,1.0861891508102417,1.0889450311660767,1.0859060287475586,1.0861891508102417,1.0861891508102417,0,1.0800218164920807,1.0776565265655518,
2024-05-29,1.0851871967315674,1.085894227027893,1.080952525138855,1.0851871967315674,1.0851871967315674,0,1.0809484124183655,1.0776336574554444,
2024-05-30,1.0801819562911987,1.0845986604690552,1.0788999795913696,1.0801819562911987,1.0801819562911987,0,1.0813497066497804,1.0773628759384155,
2024-05-31,1.0835410356521606,1.0882576704025269,1.081162929534912,1.0835410356521606,1.0835410356521606,0,1.081861412525177,1.0773089718818665,
2024-06-03,1.0853049755096436,1.0890873670578003,1.0828019380569458,1.0853049755096436,1.0853049755096436,0,1.082336038351059,1.07739999294281,
2024-06-04,1.0907385349273682,1.0918222665786743,1.0860711336135864,1.0907385349273682,1.0907385349273682,0,1.0830354273319245,1.0775383067131044,
2024-06-05,1.0881866216659546,1.0889924764633179,1.0860947370529175,1.0881866216659546,1.0881866216659546,0,1.0836923003196717,1.0776373219490052,
2024-06-06,1.087453007698059,1.0898706912994385,1.0863661766052246,1.087453007698059,1.087453007698059,0,1.0843303978443146,1.0777596163749694,
2024-06-07,1.0894432067871094,1.090179681777954,1.0804970264434814,1.0894432067871094,1.0894432067871094,0,1.0848767638206482,1.0779595351219178,
2024-06-10,1.0778882503509521,1.078283429145813,1.073364496231079,1.0778882503509521,1.0778882503509521,0,1.0849191427230835,1.0779318475723267,
2024-06-11,1.0764262676239014,1.0773539543151855,1.0721101760864258,1.0764262676239014,1.0764262676239014,0,1.0847727477550506,1.0779859375953675,
2024-06-12,1.0740330219268799,1.0851753950119019,1.073502779006958,1.0740330219268799,1.0740330219268799,0,1.0844016373157501,1.077929494380951,
2024-06-13,1.0813149213790894,1.0817828178405762,1.075384497642517,1.0813149213790894,1.0813149213790894,0,1.0840183556079865,1.0778790998458863,
2024-06-14,1.0738831758499146,1.0745755434036255,1.0668145418167114,1.0738831758499146,1.0738831758499146,0,1.0833735466003418,1.0776826548576355,
2024-06-17,1.0702168941497803,1.0726161003112793,1.068764328956604,1.0702168941497803,1.0702168941497803,0,1.0825070142745972,1.0774260306358336,
2024-06-18,1.0740677118301392,1.0761250257492065,1.0711110830307007,1.0740677118301392,1.0740677118301392,0,1.0819062530994414,1.077180061340332,
2024-06-19,1.0742292404174805,1.075326681137085,1.0726275444030762,1.0742292404174805,1.0742292404174805,0,1.0813418626785278,1.0769460535049438,
2024-06-20,1.0751532316207886,1.0750375986099243,1.0707554817199707,1.0751532316207886,1.0751532316207886,0,1.0809735000133514,1.076965687274933,
2024-06-21,1.0706409215927124,1.0722709894180298,1.0671902894973755,1.0706409215927124,1.0706409215927124,0,1.0804421365261079,1.0769248032569885,
2024-06-24,1.0687757730484009,1.074702501296997,1.0684444904327393,1.0687757730484009,1.0687757730484009,0,1.079642754793167,1.0770010638237,
2024-06-25,1.0732723474502563,1.0745755434036255,1.0692213773727417,1.0732723474502563,1.0732723474502563,0,1.078996914625168,1.0772150111198426,
2024-06-26,1.0709619522094727,1.0720411539077759,1.0667691230773926,1.0709619522094727,1.0709619522094727,0,1.0782856523990632,1.0773913264274597,
2024-06-27,1.068010926246643,1.0726161003112793,1.0677828788757324,1.068010926246643,1.068010926246643,0,1.0776771008968353,1.077412748336792,
2024-06-28,1.0708472728729248,1.0720986127853394,1.0686043500900269,1.0708472728729248,1.0708472728729248,0,1.0770424127578735,1.0775413227081299,-0.011673212051391602
2024-07-01,1.0735257863998413,1.077818512916565,1.072075605392456,1.0735257863998413,1.0735257863998413,0,1.0764534533023835,1.0776953315734863,
2024-07-02,1.0737102031707764,1.0746102333068848,1.0710651874542236,1.0737102031707764,1.0737102031707764,0,1.0756020367145538,1.077861430644989,
2024-07-03,1.0748412609100342,1.081560492515564,1.0737102031707764,1.0748412609100342,1.0748412609100342,0,1.0749347686767579,1.0779495644569397,
2024-07-04,1.0793308019638062,1.0816657543182373,1.0784229040145874,1.0793308019638062,1.0793308019638062,0,1.074528658390045,1.0781364226341248,
2024-07-05,1.0810693502426147,1.0838346481323242,1.0810693502426147,1.0810693502426147,1.0810693502426147,0,1.0741099655628203,1.0782985806465148,
2024-07-08,1.082602620124817,1.0847163200378418,1.0815136432647705,1.082602620124817,1.082602620124817,0,1.0743456840515138,1.0785368990898132,
2024-07-09,1.0830950736999512,1.0834236145019531,1.0806254148483276,1.0830950736999512,1.0830950736999512,0,1.0746791243553162,1.078767397403717,
2024-07-10,1.0814785957336426,1.0828721523284912,1.081186294555664,1.0814785957336426,1.0814785957336426,0,1.0750514030456544,1.0790638637542724,
2024-07-11,1.083329677581787,1.0898351669311523,1.0832945108413696,1.083329677581787,1.083329677581787,0,1.0751521408557891,1.0792873358726502,
2024-07-12,1.0872756242752075,1.091119408607483,1.086307168006897,1.0872756242752075,1.0872756242752075,0,1.075821763277054,1.0795667099952697,
2024-07-15,1.0885539054870605,1.0921919345855713,1.088435411453247,1.0885539054870605,1.0885539054870605,0,1.076738613843918,1.0798215389251709,
2024-07-16,1.0901559591293335,1.0906314849853516,1.0872164964675903,1.0901559591293335,1.0901559591293335,0,1.0775430262088777,1.0800896430015563,
2024-07-17,1.0902509689331055,1.0947147607803345,1.0896332263946533,1.0902509689331055,1.0902509689331055,0,1.078344112634659,1.0803936791419984,
2024-07-18,1.094020128250122,1.0942115783691406,1.0905362367630005,1.094020128250122,1.094020128250122,0,1.0792874574661255,1.0807802605628967,
2024-07-19,1.0901559591293335,1.0901559591293335,1.0877368450164795,1.0901559591293335,1.0901559591293335,0,1.0802632093429565,1.0810130620002747,
2024-07-22,1.0899182558059692,1.0901559591293335,1.0873701572418213,1.0899182558059692,1.0899182558059692,0,1.081320333480835,1.0812706136703492,-0.019070982933044434
2024-07-23,1.0889805555343628,1.0900371074676514,1.084445834159851,1.0889805555343628,1.0889805555343628,0,1.0821057438850403,1.0814631414413451,
2024-07-24,1.0850694179534912,1.0866494178771973,1.0826728343963623,1.0850694179534912,1.0850694179534912,0,1.0828111171722412,1.0815354251861573,
2024-07-25,1.0839520692825317,1.0864368677139282,1.0829308032989502,1.0839520692825317,1.0839520692825317,0,1.0836081743240356,1.0814348554611206,
2024-07-26,1.0851283073425293,1.0868501663208008,1.084269404411316,1.0851283073425293,1.0851283073425293,0,1.0843222260475158,1.081401834487915,
2024-07-29,1.0853756666183472,1.0871928930282593,1.0803102254867554,1.0853756666183472,1.0853756666183472,0,1.0849147200584413,1.0813583970069884,
2024-07-30,1.081946611404419,1.0837758779525757,1.0799952745437622,1.081946611404419,1.081946611404419,0,1.0853265404701233,1.081275670528412,
2024-07-31,1.0816072225570679,1.0851871967315674,1.0808707475662231,1.0816072225570679,1.0816072225570679,0,1.085664838552475,1.081197474002838,
2024-08-01,1.082391619682312,1.0837758779525757,1.0778300762176514,1.082391619682312,1.082391619682312,0,1.0858178794384004,1.081194896697998,
2024-08-02,1.0787602663040161,1.0926215648651123,1.0782949924468994,1.0787602663040161,1.0787602663040161,0,1.0857024252414704,1.0811447381973267,
2024-08-05,1.0910836458206177,1.1007397174835205,1.089372158050537,1.0910836458206177,1.0910836458206177,0,1.0861264765262604,1.0812711429595947,
2024-08-06,1.0950982570648193,1.0963108539581299,1.0904649496078491,1.0950982570648193,1.0950982570648193,0,1.0867266356945038,1.0814493250846864,
2024-08-07,1.0926215648651123,1.093637228012085,1.0906909704208374,1.0926215648651123,1.0926215648651123,0,1.0872837841510772,1.0815980124473572,
2024-08-08,1.0928125381469727,1.0946906805038452,1.0882340669631958,1.0928125381469727,1.0928125381469727,0,1.0877579271793365,1.0818506240844727,
2024-08-09,1.0915720462799072,1.093135118484497,1.0909645557403564,1.0915720462799072,1.0915720462799072,0,1.0879727482795716,1.0820112442970276,
2024-08-12,1.091381311416626,1.0939722061157227,1.0913337469100952,1.091381311416626,1.091381311416626,0,1.08811411857605,1.0821327710151671,
2024-08-13,1.0936251878738403,1.0962508916854858,1.0915720462799072,1.0936251878738403,1.0936251878738403,0,1.0882875800132752,1.0821905040740967,
2024-08-14,1.0996986627578735,1.1048502922058105,1.098828673362732,1.0996986627578735,1.0996986627578735,0,1.0887599647045136,1.082420744895935,
2024-08-15,1.1013215780258179,1.1016855239868164,1.09505033493042,1.1013215780258179,1.1013215780258179,0,1.0891250371932983,1.0826981163024902,
2024-08-16,1.0972732305526733,1.1004369258880615,1.0973695516586304,1.0972732305526733,1.0972732305526733,0,1.0894809007644652,1.0828547167778015,
2024-08-19,1.1024993658065796,1.1072603464126587,1.1023900508880615,1.1024993658065796,1.1024993658065796,0,1.0901099562644958,1.0833469390869142,
2024-08-20,1.1086474657058716,1.1117286682128906,1.107248067855835,1.1086474657058716,1.1086474657058716,0,1.0910933017730713,1.0839913630485534,
2024-08-21,1.112792730331421,1.1148271560668945,1.11055588722229,1.112792730331421,1.112792730331421,0,1.0924794673919678,1.0847665572166443,
2024-08-22,1.115536093711853,1.1157476902008057,1.1099271774291992,1.115536093711853,1.115536093711853,0,1.094058668613434,1.0854509806632995,
2024-08-23,1.111716389656067,1.1195951700210571,1.110679268836975,1.111716389656067,1.111716389656067,0,1.0953880727291108,1.0862076449394227,
2024-08-26,1.1187934875488281,1.1201093196868896,1.1152873039245605,1.1187934875488281,1.1187934875488281,0,1.0970589637756347,1.0871791768074035,
2024-08-27,1.1164700984954834,1.1179554462432861,1.1151255369186401,1.1164700984954834,1.1164700984954834,0,1.098785138130188,1.0880272245407105,
2024-08-28,1.117793083190918,1.1181930303573608,1.1105434894561768,1.117793083190918,1.117793083190918,0,1.1005944311618805,1.0888985013961792,
2024-08-29,1.1124955415725708,1.1140199899673462,1.1056320667266846,1.1124955415725708,1.1124955415725708,0,1.1020996272563934,1.0896453475952148,
2024-08-30,1.1080454587936401,1.109570026397705,1.1053999662399292,1.1080454587936401,1.1080454587936401,0,1.1035638868808746,1.0903934383392333,
2024-09-02,1.1044842004776,1.1077632904052734,1.1042524576187134,1.1044842004776,1.1044842004776,0,1.1042339146137237,1.0911076068878174,
2024-09-03,1.1067456007003784,1.107051968574524,1.1033751964569092,1.1067456007003784,1.1067456007003784,0,1.1048162817955016,1.09177707195282,
2024-09-04,1.1048868894577026,1.1093976497650146,1.1040817499160767,1.1048868894577026,1.1048868894577026,0,1.1054295480251313,1.0924555706977843,
2024-09-05,1.1080454587936401,1.112112045288086,1.1075178384780884,1.1080454587936401,1.1080454587936401,0,1.1061911940574647,1.0932562613487244,
2024-09-06,1.1111111640930176,1.1149640083312988,1.1067211627960205,1.1111111640930176,1.1111111640930176,0,1.10716814994812,1.0940615391731263,
2024-09-09,1.1087212562561035,1.109139323234558,1.10349702835083,1.1087212562561035,1.1087212562561035,0,1.108035147190094,1.0947654485702514,
2024-09-10,1.1037527322769165,1.1050333976745605,1.101624846458435,1.1037527322769165,1.1037527322769165,0,1.108541524410248,1.0953662991523743,
2024-09-11,1.1020983457565308,1.1054977178573608,1.100279450416565,1.1020983457565308,1.1020983457565308,0,1.1086615085601808,1.0959114408493043,
2024-09-12,1.1010911464691162,1.1047526597976685,1.1006548404693604,1.1010911464691162,1.1010911464691162,0,1.1086499869823456,1.0963466477394104,
2024-09-13,1.1077877283096313,1.1102476119995117,1.1073951721191406,1.1077877283096313,1.1077877283096313,0,1.1091757118701935,1.0968810153007507,
2024-09-16,1.1088441610336304,1.1135361194610596,1.1087088584899902,1.1088441610336304,1.1088441610336304,0,1.109492951631546,1.097405846118927,
2024-09-17,1.1129536628723145,1.1146159172058105,1.1113086938858032,1.1129536628723145,1.1129536628723145,0,1.1097082614898681,1.0980030179023743,
2024-09-18,1.1123099327087402,1.1140819787979126,1.110913634300232,1.1123099327087402,1.1123099327087402,0,1.109684121608734,1.0986196446418761,
2024-09-19,1.1114816665649414,1.118067979812622,1.107051968574524,1.1114816665649414,1.1114816665649414,0,1.1094814002513886,1.0991826844215393,
2024-09-20,1.1161960363388062,1.1181679964065552,1.1137346029281616,1.1161960363388062,1.1161960363388062,0,1.1097053825855254,1.0997610926628112,
2024-09-23,1.1160838603973389,1.1168192625045776,1.1084877252578735,1.1160838603973389,1.1160838603973389,0,1.109569901227951,1.100311691761017,
2024-09-24,1.1111727952957153,1.1163455247879028,1.1103955507278442,1.1111727952957153,1.1111727952957153,0,1.1093050360679626,1.1007320284843445,
